Cx,Cy,Cz,ZMPx,ZMPy,CoPx_FL,CoPy_FL,CoPx_FR,CoPy_FR,X_FL_SupportCenter,Y_FL_SupportCenter,Z_FL_SupportCenter,Qx_FL_SupportCenter,Qy_FL_SupportCenter,Qz_FL_SupportCenter,Qw_FL_SupportCenter,X_FR_SupportCenter,Y_FR_SupportCenter,Z_FR_SupportCenter,Qx_FR_SupportCenter,Qy_FR_SupportCenter,Qz_FR_SupportCenter,Qw_FR_SupportCenter
0.11281145440470156,3.0111738100687327e-05,1.0894997549088032,0.7993707276977161,-0.7185223792806148,0.0,0.0,0.05254490398360845,-0.07038249021650891,0.11216814241496129,0.11044930982474357,-6.117848699860318e-06,4.703121573129423e-06,-1.8366083722132907e-06,-5.3839960891766065e-06,0.9999999999727603,0.11216814241496066,-0.11043069017525643,-6.1178486998741954e-06,4.7031215731238906e-06,-1.8366083718524683e-06,-5.3839960890720115e-06,0.9999999999727603
0.11299486108013539,-0.00015421234199160228,1.0887813788144962,0.774651004338362,-0.5590586881964336,0.0,0.0,0.012129559154228045,-0.07037948633390051,0.1121682276745557,0.11044603908994782,3.1846246531935796e-06,4.900084492847572e-06,-1.3334226011996717e-06,3.188598974914877e-07,0.9999999999870549,0.11216724558836784,-0.11043217838304556,-3.3903697466419747e-06,4.602904224631313e-06,-1.3338508213412476e-06,-2.329210418344859e-06,0.9999999999858047
0.11337780084780276,-0.0004963073077002262,1.0873661659041032,0.5387650920042466,-0.30329346789961437,0.0,0.0,0.012145066182377179,-0.0704104381923783,0.11217236358326202,0.1104463879019505,1.1062644559037271e-05,6.028032302246217e-06,-2.1721877441758455e-06,3.141764275331599e-06,0.9999999999745371,0.11217081786747762,-0.11043321855285627,3.826326226738508e-06,5.5937054728244916e-06,-2.118956450205812e-06,1.8014697177133925e-06,0.9999999999804878
0.11395251209710117,-0.0009769841598182528,1.085362211324635,0.23611103638814276,-0.12228597551595916,0.0,0.0,0.012169109129444938,-0.07042174102804347,0.11217450172841573,0.11045078646663707,4.228638842432297e-06,6.542445301228047e-06,-2.834051912378001e-06,-1.8689391416119163e-06,0.9999999999728361,0.11217391736041935,-0.1104310990327638,5.97751371125832e-06,6.439196732840032e-06,-2.771393616830917e-06,2.0856782733118324e-08,0.9999999999754281
0.11468957910472943,-0.0015890330146943728,1.0831595609404903,0.18590884799854063,-0.08670319408578596,0.0,0.0,0.012170052986975391,-0.0704187322445681,0.11216820162707417,0.11045937583726781,-3.37428499407183e-05,4.9187278304095645e-06,-3.0625428464213897e-06,-1.915573945745345e-05,0.9999999997997425,0.11217078429377596,-0.11042504197997736,-1.419426530804846e-05,5.6273179917617715e-06,-3.0478908097577956e-06,-1.3140391710614441e-05,0.9999999998931871
0.1155679716428966,-0.0023174056324327583,1.08085450501963,0.1598880506615742,-0.06608534846934586,0.0,0.0,0.026977535567948407,-0.07041359628986577,0.11215653338468375,0.1104691104474836,-8.331064306739411e-05,1.0289858688457463e-06,-2.6592699193745837e-06,-4.3916824737682036e-05,0.9999999990315913,0.11216355984960688,-0.11041795754161296,-4.4480768264465453e-05,3.0529356476058215e-06,-2.7679775675151786e-06,-3.312190526634597e-05,0.9999999994429789
0.1165632950866828,-0.003149814873448032,1.078475402905288,0.144355331278749,-0.0518457955661667,0.0,0.0,0.039982184616189506,-0.0704075334972912,0.11214092686379536,0.11047928249816794,-0.0001390053862382612,-4.985507525426856e-06,-1.585185961622749e-06,-7.410925893846283e-05,0.9999999972402251,0.11215338442685154,-0.11041047616143392,-8.066331507433633e-05,-1.1359460383194296e-06,-1.91167495256151e-06,-5.801441410410867e-05,0.9999999983146917
0.11765663069277263,-0.004075828853452245,1.0760258701280798,0.13390873254358115,-0.041722288195997465,0.0,0.0,0.0472166553764347,-0.07040102318943786,0.11212224489623498,0.11048953605918292,-0.0001979376765848112,-1.2966317777132724e-05,1.9723867095913226e-07,-0.00010830646457579824,0.999999994050773,0.11214092846013328,-0.11040286309148241,-0.00012046417935673848,-6.790912802886344e-06,-4.5643474602599325e-07,-8.654914856467535e-05,0.9999999962314603
0.11883346503062689,-0.005085898452449004,1.073502484109495,0.12619235859966055,-0.034456435068307985,0.0,0.0,0.05144452144857868,-0.07039430058238065,0.11210089824023328,0.1104997113219584,-0.0002588450808785059,-2.2810592924646955e-05,2.714608030219956e-06,-0.000145624399004056,0.9999999891329213,0.11212649889112519,-0.11039520273461581,-0.00016283584455904776,-1.3818801956346366e-05,1.6138569138911848e-06,-0.00011797113496959798,0.999999992944624
0.12008180942300122,-0.006171785732091031,1.0709021151466922,0.12121500232312671,-0.029339833107540556,0.0,0.0,0.05405742457280699,-0.07038742024244818,0.11207707463361308,0.11050974566669099,-0.0003211516210755716,-3.4461679406230325e-05,5.988123047302706e-06,-0.00018549884118116957,0.9999999821833576,0.11211023651879767,-0.11038750046570776,-0.00020724625899048998,-2.216552952152055e-05,4.311827548024873e-06,-0.0001518031976920923,0.9999999882229434
0.12139366680467172,-0.007326980086757078,1.0682192729331998,0.11773032289133997,-0.024429949399759888,0.0,0.0,0.05614427855969446,-0.08081540125220882,0.11205097894202548,0.11051960375407767,-0.00038429984377030824,-4.785013021394916e-05,1.0032532142190742e-05,-0.0002274369584071166,0.9999999729410717,0.11209230723302091,-0.11037974794657238,-0.00025315609806549066,-3.176281511688232e-05,7.644586744168363e-06,-0.00018760767203626944,0.9999999818680229
0.1227633296414218,-0.008538556074077212,1.0654519019413915,0.11535318176553118,-0.020371555149741167,0.0,0.0,0.057256082712310405,-0.09091809510770613,0.11202256755201638,0.11052922092397355,-0.0004482013547406627,-6.307063863113232e-05,1.4916760467843434e-05,-0.0002713424684519225,0.9999999610864244,0.11207265524915569,-0.11037196042600397,-0.0003004700251330872,-4.268316832878063e-05,1.1671687937363986e-05,-0.00022534788231626715,0.9999999736301254
0.12418687472579547,-0.009790794200169296,1.0625997967698018,0.11412132333712012,-0.017394497174489855,0.0,0.0,0.05775668902342831,-0.10049755185119803,0.11199189829372103,0.11053855307432818,-0.0005126134083233563,-8.010041199256366e-05,2.0650427966150457e-05,-0.00031689103960983215,0.9999999463687752,0.11205132389367621,-0.11036413555363125,-0.0003489360608701503,-5.490406105082718e-05,1.6399166626264327e-05,-0.0002647502523759306,0.9999999633119572
0.1256621154520833,-0.011070078059410564,1.059662698244954,0.11374501233954788,-0.014969701745063332,0.0,0.0,0.05779794650107479,-0.1098944361849331,0.11195912637681517,0.11054760459706968,-0.0005772249320639827,-9.88231080768235e-05,2.7196235337119474e-05,-0.0003636273010789862,0.9999999286347698,0.11202845365775985,-0.11035624141912326,-0.00039820518423618056,-6.832269721111035e-05,2.178979251350408e-05,-0.00030539055985880434,0.9999999507969091
0.12718820689755936,-0.012364054522364727,1.0566409159676797,0.11410839210371615,-0.01267929744273197,0.0,0.0,0.05743750904910013,-0.11940112008218394,0.11192435614480735,0.1105563747958561,-0.0006418414257988586,-0.00011916165089622968,3.4524860751809364e-05,-0.00041122055830527935,0.9999999077530898,0.1120041391856066,-0.11034825563844128,-0.000448044437987391,-8.286966751752827e-05,2.781473286292716e-05,-0.0003469644146231925,0.9999999359873252
0.12876548277498032,-0.013660936022031575,1.0535355577249237,0.11517598216561703,-0.010121419159973815,0.0,0.0,0.056684702949711355,-0.12933785227654326,0.11188767068145855,0.11056485193524042,-0.0007063136737917169,-0.00014105733632913776,4.2607750265006847e-05,-0.00045940321038307185,0.9999998836180424,0.11197845469761251,-0.11034016897243269,-0.0004982709515824885,-9.849172086876419e-05,3.4446934254601655e-05,-0.0003892263791379955,0.9999999188078047
0.13039541236565724,-0.01494880960526993,1.0503486745416806,0.11698279786000712,-0.006829382113888014,0.0,0.0,0.05550192271258977,-0.14011878358815286,0.11184914488315699,0.1105730156368137,-0.000770517120688291,-0.00016445890112578887,5.1413105621926905e-05,-0.0005079426186697396,0.9999998561521192,0.11195146510249938,-0.11033198296532028,-0.0005487311648388615,-0.00011514301657575515,4.1657434154665734e-05,-0.00043196365227079233,0.9999998992070687
0.13208066573562072,-0.01621482450470291,1.0470833669259378,0.11958076365512484,-0.002280935469939672,0.0,0.0,0.05388169374817628,-0.15032381501759412,0.1118088530384329,0.11058083708246226,-0.000834339789168026,-0.00018931562403565495,6.090311814695506e-05,-0.0005566239100060104,0.9999998253100988,0.11192323197723417,-0.11032370996640367,-0.0005992881464508548,-0.0001327798326041423,4.941291901131094e-05,-0.00047498012530898867,0.9999998771608728
0.13382521846816195,-0.017445006116882617,1.0437438986542102,0.1231429616807869,0.0021830263210731934,0.0,0.0,0.05211277758746745,-0.150316274228778,0.11176686876049305,0.1105882786280954,-0.0008976813373835907,-0.00021556732245587022,7.102940768648855e-05,-0.0006052297122962983,0.9999997910912525,0.11189381519458116,-0.11031537613948905,-0.0006498119425636939,-0.00015135164301258047,5.767133360325193e-05,-0.0005180768104273336,0.9999998526815475
0.1356344755164556,-0.018633554708638426,1.0403385141386845,0.1278443397043267,0.008431530266264115,0.0,0.0,0.04984303011513247,-0.15030873887740565,0.11172338518242636,0.11059540108376344,-0.0009604398063118857,-0.00024300489248074936,8.164626553653364e-05,-0.0006533364040879816,0.9999997537169963,0.1118634009103345,-0.11030693175898018,-0.0007001394570471525,-0.0001706825200645248,6.629919831174598e-05,-0.0005608134080311613,0.9999998259800926
0.1375156839546636,-0.019773693988395815,1.0368788265048878,0.13371128134985819,0.016802375344173347,0.0,0.0,0.04747957210434452,-0.15030126412119604,0.1116784614890949,0.11060212511187376,-0.0010225320975107144,-0.000271592305940285,9.270694833364336e-05,-0.0007007990738667471,0.9999997132618088,0.11183201555668622,-0.11029844245806066,-0.0007501948755632148,-0.00019075205331036126,7.525983658880633e-05,-0.0006030754634431067,0.999999797124778
0.13947807716415112,-0.02085630550208376,1.0333834991424808,0.14052189204543372,0.027325595249779382,0.0,0.0,0.04591237103023811,-0.1502939111071476,0.1116321494812725,0.11060835851436876,-0.0010839135302047331,-0.00030128783261533715,0.00010414344694839145,-0.0007474593634901764,0.999999669842088,0.11179967505028808,-0.11028998556088149,-0.0007999353139653276,-0.00021153981743776535,8.449984188977184e-05,-0.0006447307581035082,0.9999997662164389
0.1415327532342241,-0.0218691076014721,1.029885263089544,0.14736574180327996,0.039416105903817056,0.0,0.0,0.04705201898628282,-0.15028670220464674,0.11158450229749593,0.11061399719520794,-0.0011445704406919666,-0.00033202219203807876,0.00011585420477632859,-0.0007931093061241681,0.9999996236582773,0.11176639246024064,-0.11028165172887268,-0.000849341639702253,-0.0002330078608173155,9.39375859986784e-05,-0.0006855937939985336,0.9999997334220729
0.14369169609992682,-0.022795402327570168,1.0264452904303683,0.15204946853189044,0.05101158775741425,0.0,0.0,0.05427832349538189,-0.15027958168963312,0.11153556333302612,0.11061890919652063,-0.0012045325465554618,-0.0003636903329440552,0.00012769498893997494,-0.0008374703945377028,0.9999995750332449,0.11173216583170616,-0.11027355971348354,-0.0008984285585385415,-0.00025509462230951667,0.00010345538253071262,-0.0007254040558874363,0.9999996990062915
0.145964642044008,-0.023612175118120644,1.0231836091735131,0.1510314735957881,0.05788140587991939,0.0,0.0,0.07163946536259631,-0.15027240971611588,0.11148537436086253,0.11062291890819659,-0.001263876394967292,-0.0003961053189732932,0.00013945286073214336,-0.0008801185866572268,0.9999995245222619,0.11169698048387423,-0.11026587222880285,-0.000947242843427093,-0.0002776770840697564,0.00011287632504299028,-0.0007637464445446227,0.999999663422814
0.14835100413862495,-0.024287217565747875,1.02034404627584,0.14146898443566924,0.05500092983836111,0.0,0.0,0.10035296621439174,-0.15026509776527755,0.11143413538588423,0.11062582395906857,-0.0013225922939199969,-0.0004287810315161489,0.0001507708924518268,-0.0009202167577281477,0.9999994733079035,0.11166093106257477,-0.11025879782825192,-0.0009957204339934717,-0.0003003905789177623,0.00012189617635650401,-0.0007997718751051252,0.9999996276358161
0.15082107241700987,-0.024774957281046107,1.0184351290387177,0.12497372303039767,0.04052301487431467,0.0,0.0,0.13505922490158315,-0.1502577475382818,0.11138318027922453,0.11062764217904465,-0.0013796565644480785,-0.0004599704895468908,0.00016090736497473051,-0.0009555355342871523,0.9999994247437405,0.11162500832016238,-0.11025246425007451,-0.0010427315855234681,-0.00032182829849830216,0.0001298630823456442,-0.0008311830403187511,0.9999995943483578
0.153275503959026,-0.025011926622654262,1.0185504162005012,0.10703814273173679,0.01045018067679079,0.0,0.0,0.16869986839469692,-0.1502496012415489,0.11134000211966769,0.1106300918568052,-0.0014278885631643923,-0.0004825356586286292,0.00016792151282323675,-0.0009788283815681269,0.9999993904281661,0.11159526741333778,-0.11024604127702876,-0.0010807184886744148,-0.00033608250105792895,0.00013502609381141863,-0.0008504717269948335,0.9999995727570831
0.15546352413498785,-0.02494670375992417,1.0231528661106983,0.09866073279104465,0.0012308647687952895,0.0,0.0,0.1987395928110997,-0.15023896955294852,0.11134305314104845,0.11064321359429297,-0.0014238734431674394,-0.0004680202646733448,0.00016679590874395185,-0.0009665732540166839,0.9999994094359765,0.11160356096148095,-0.1102340160958349,-0.001062865822193254,-0.0003194723542325519,0.00013288163058296774,-0.0008338235378783013,0.9999995925090147
0.1571545111171129,-0.024573352464788593,1.0329572363229438,0.10163590570799891,0.021926120215034237,0.0,0.0,0.20880957370121062,-0.15019117392347753,0.11139994057693649,0.11069265672391386,-0.0013390232448635964,-0.0004146104832414321,0.0001734756325690494,-0.0009436418263663993,0.9999994537720789,0.11166777942049745,-0.11018330051283838,-0.0009273462435615276,-0.00025678767238022476,0.000139041320848521,-0.0008045896484715589,0.9999996336814833
0.15838521802269878,-0.023843197143689862,1.048279561127076,0.7915743330857309,-0.19533191580659437,0.0,0.0,0.0,0.0,0.11158550103345742,0.11047026696891722,-0.0010740696962844853,-0.00035867932363036446,8.31446364762521e-05,-0.0007457805102278617,0.9999996541237118,0.11172072933552546,-0.1104395722914626,-0.000817405678432262,-0.0002955923328973001,6.726819628274882e-05,-0.000652343966098331,0.999999741273723
0.15955824347379882,-0.02305616423279536,1.062574321456501,0.6520386663006016,0.2385740603939436,0.0,0.0,0.0,0.0,0.10407585010055471,0.11289524514851353,0.010122992676223769,0.0002264325135395185,0.001804101393585914,0.0004119383607447399,0.999998262125123,0.10731543192582532,-0.1095797850640881,0.01067425904265025,-0.00019442198556326394,0.0031506436434340767,0.001013462672641571,0.9999945042539661
0.16071773526484526,-0.02225879560668822,1.0758879116050268,0.3453978938248963,0.008521230819986955,0.0,0.0,0.0,0.0,0.09724093018674715,0.1152265639463851,0.02133602748389092,0.001153644632681306,0.0041524350326658565,0.0013266356169388128,0.9999898331609685,0.10619659408674642,-0.10877913103442308,0.021841092369736415,0.0001537720397644136,0.00510921270603077,0.0022699758519035026,0.9999843596323479
0.16186361519003506,-0.02145239382146104,1.0882248362861193,0.16186361519003506,-0.11379247310148656,0.0,0.0,0.0,0.0,0.09250222147369927,0.11668789794218078,0.031873559567573484,0.0017398569598218892,0.005525771213471897,0.002567742378518821,0.9999799225231144,0.10865324841877576,-0.10814584420846121,0.032281358205455996,0.0004231717795566953,0.005260155167663548,0.003449870205801996,0.9999801248468995
0.1629972576559984,-0.02063825519937938,1.0995839228743107,0.1629972576559984,0.2717719958540347,0.0,0.0,0.0,0.0,0.09004716775090056,0.11729561756789558,0.041586153310663204,0.0019543539404393777,0.005982126158202738,0.003913726501606624,0.9999725383290153,0.11367724456390377,-0.10750260983959188,0.041973741377012694,0.0006733617309191246,0.004188000178350357,0.004489843485525104,0.9999809240900356
0.16412157323026746,-0.019818735015025513,1.109963802449288,0.4719218374970192,0.2033364565783695,0.0,0.0,0.0,0.0,0.08971442261817911,0.1173334153265749,0.050452101784059775,0.001931384451056808,0.0058983132700953875,0.004935240445127689,0.9999685610340053,0.11985276354957339,-0.1067520518526141,0.0509442928539553,0.000971013275150366,0.002699471131121532,0.005181011308413504,0.9999824634015612
0.1652385195835499,-0.018995497901375027,1.119363888416423,inf,-inf,0.0,0.0,0.0,0.0,0.0914949649305903,0.1170464255679825,0.05846088081124454,0.0017794086591412287,0.005393550568880594,0.0055393574770172,0.9999685289226993,0.12620776187482782,-0.10599126310256267,0.0592085182482653,0.0012768086894652181,0.0012890111638730183,0.005539573584998493,0.9999830105228221
0.16634973096206393,-0.01816975062368396,1.1277839670658163,0.4125899423754653,0.20498544096971105,0.0,0.0,0.0,0.0,0.09538040888753467,0.11661473406475187,0.06560618300335638,0.0015711312751324118,0.004484275610981078,0.005698986723851086,0.9999724718056409,0.13213082304271526,-0.10540390980913844,0.06675049619804897,0.0015021446655450717,0.00020954684068271224,0.005568772243054653,0.9999833440749055
0.1674565451878641,-0.017342622208914363,1.1352240376353364,-0.20190377193223794,0.09038747028444874,0.0,0.0,0.0,0.0,0.1012896192440938,0.11614362921409098,0.07189426292559821,0.001345375648523864,0.003173252206853894,0.0053137260932036474,0.9999799421737433,0.13728112765486092,-0.10516079609294537,0.0735329838313298,0.001566211752996206,-0.00044639530337526034,0.005161978765225261,0.9999853507363025
0.16855996235998386,-0.016516040236415955,1.1416841673615923,0.41480017377338524,-0.37048634414318043,0.0,0.0,0.0,0.0,0.10890340177673552,0.11572807263152177,0.07737069126317156,0.0011610882913994237,0.001626187885826941,0.003939585717919679,0.9999902434780608,0.14160430912483163,-0.10527278458570855,0.07949618012074561,0.0014964086655366831,-0.0007690770998727502,0.0038635059835809026,0.9999911212621019
0.1696620000318555,-0.01568796721201868,1.1471641655672369,0.1696620000318555,-0.5389484164654966,0.0,0.0,0.0,0.0,0.11722031937598243,0.11519725369140921,0.08204154602131687,0.000936095869485996,0.00012456602739065344,0.0026400996244763217,0.9999960690331744,0.1454088504461364,-0.10573623168559008,0.0846043662022557,0.0012682321785235456,-0.0007997158094497194,0.0026463200014900956,0.9999953745054103
0.170764068823956,-0.014857895822299932,1.151663671690508,0.6632444916507587,-0.5996783979291281,0.0,0.0,0.0,0.0,0.125451890439558,0.11455922655704695,0.08591625482572128,0.0006854908946863062,-0.0010563094657323425,0.0017303891554655531,0.9999977100303366,0.1490360507729957,-0.1063959608987165,0.0888135082274198,0.0009655280740590011,-0.0006848228118610981,0.0017885265692576472,0.999997699970338
0.17186679061563775,-0.014026265784729174,1.155182391584345,inf,-inf,0.0,0.0,0.0,0.0,0.13323971748215405,0.11388588208094778,0.0889783595553587,0.0004538931482654461,-0.0018292633909978942,0.0011049986675375986,0.9999976133743529,0.15267664928269023,-0.107110857361562,0.09208752328455358,0.0006728415109969098,-0.0005423581387394209,0.0011851971021997823,0.9999989242193114
0.17297040333845123,-0.013193384290255222,1.1577201398377512,0.04985029763175054,0.12531673462978307,0.0,0.0,0.0,0.0,0.14048313781309074,0.11322118443328491,0.0911906285789367,0.00026266968666764515,-0.0022434326047536483,0.0006736083686253368,0.9999972221294167,0.15640509040533218,-0.10780931087649047,0.09440302421711978,0.0004276589076893116,-0.0004231619147222065,0.0007548785355853982,0.9999995341000162
0.17407492940194233,-0.01235943253285031,1.1592768153669804,-0.1952853877181597,0.20310075245387588,0.0,0.0,0.0,0.0,0.14721005822355637,0.1125829592011466,0.09251179063818894,0.00011487374645197114,-0.0023980976560480137,0.00037340115543317744,0.9999970482472597,0.16023928131759604,-0.10846572125893172,0.09574334910446163,0.00023725095390005272,-0.00034638699630680893,0.00044442338340599304,0.9999998131079277
0.17518027284614493,-0.011524514660933299,1.159852377243282,-0.9329006785141614,0.4886509147725382,0.0,0.0,0.0,0.0,0.15350362528091735,0.11197176958009647,0.09290416744489344,3.1974237437170607e-06,-0.0023997804947737786,0.0001609688256260215,0.9999971075620124,0.16417790427006118,-0.10908022659014198,0.09609513991226784,9.337024751322927e-05,-0.0003229801677668335,0.0002183751369670383,0.9999999196390509
0.17628624737751752,-0.010688693636176324,1.159446817467792,inf,-inf,0.0,0.0,0.0,0.0,0.15943297331943962,0.11138104351038258,0.0923646497536905,-8.124320373835097e-05,-0.0023048316727616036,6.688804520817852e-06,0.9999973405493449,0.1681911029208673,-0.10966269980281451,0.09547319952284176,-1.5543653063206706e-05,-0.0003304237504964141,4.952303295885956e-05,0.9999999440630033
0.1773927053164317,-0.009852014372001134,1.1580601512957132,0.054272599609731006,0.5595784745214896,0.0,0.0,0.0,0.0,0.1650691518411836,0.11079785021280816,0.09089293914942942,-0.00015075594075809548,-0.002159405739440343,-0.00011033107307228657,0.9999976510305181,0.172258221318416,-0.11022982165114506,0.09389100810328442,-0.00010465827385304637,-0.00035611146931204695,-8.322037535385295e-05,0.9999999276528158
0.17849954976675247,-0.009014516016836963,1.1556923985122494,inf,-inf,0.0,0.0,0.0,0.0,0.17047844725429406,0.11020548545531102,0.08849011277268487,-0.00022017469581130675,-0.0020014925983385837,-0.00020471104190318312,0.9999979518198385,0.17636931793219976,-0.11080155041541091,0.09135979566923098,-0.00019123282981966635,-0.00039825831963930506,-0.00019707106007292892,0.9999998829916499
0.17960673226474758,-0.008176237518033116,1.1523435730116198,-0.10767351438422071,0.07390383295310067,0.0,0.0,0.0,0.0,0.17571877708782255,0.10958625309376223,0.08515778536465224,-0.00030592317283820994,-0.0018627701854050732,-0.00028640042980747967,0.9999981772348603,0.18052251904022068,-0.1113981728411747,0.08788829876672512,-0.0002935295546475121,-0.00046392893802707627,-0.0003062858976948878,0.9999998023996256
0.18071424315613485,-0.0073372165487641805,1.1480136734208317,-0.06552596825726653,0.5313132459180513,0.0,0.0,0.0,0.0,0.1808374446309683,0.10892454875306899,0.08089734283250288,-0.0004250878177378923,-0.001770570468451589,-0.00036146125837596736,0.9999982768616767,0.18471968821949106,-0.11203728043479247,0.08348240329140222,-0.000429852895612287,-0.0005667793927416792,-0.000422254569738822,0.9999996578442849
0.18182209624117712,-0.006497480557807242,1.142702672282161,0.18182209624117712,0.4013378695956388,0.0,0.0,0.0,0.0,0.18586818589757434,0.10821088751736034,0.07570921549516425,-0.0005940463686297508,-0.00174879899416486,-0.0004321262325570811,0.9999982010373367,0.18896054706474688,-0.11272979163250618,0.07814447801950865,-0.0006171285845466688,-0.0007243592821616428,-0.0005527774967967188,0.9999993944463067
0.18293030688939363,-0.005657027532363675,1.1364105024523776,inf,-inf,0.0,0.0,0.0,0.0,0.19082561798028289,0.10744785543816456,0.06959208708134933,-0.0008258824179142399,-0.0018164607146448585,-0.0004965482888749608,0.999997885912016,0.19323444972938644,-0.1134739536019967,0.07187220285463902,-0.0008682148725467712,-0.0009540281882180901,-0.0007006536772118289,0.9999989225582078
0.18403886127917005,-0.004815791595695425,1.1291370400949987,inf,-inf,0.0,0.0,0.0,0.0,0.1956950065074573,0.10665915893663884,0.0625418790200731,-0.0011256546985695824,-0.0019820642518072447,-0.0005481081501583322,0.999997251946353,0.19750818283785335,-0.11424617559629174,0.06465666501900533,-0.0011870985986149512,-0.0012656748168687077,-0.0008610051391213967,0.9999981237654029
0.18514767101834917,-0.003973587649268126,1.1208820849831815,-0.18421264610175286,0.03257769373240864,0.0,0.0,0.0,0.0,0.20041462736536983,0.10590341931433978,0.05455026601076661,-0.0014820372185206311,-0.002231126511489704,-0.0005749803183994731,0.9999962475118628,0.2017074843753453,-0.11498722550612477,0.056479394545801045,-0.0015606909613624458,-0.0016486279913241462,-0.0010173923390131257,0.9999969055863616
0.1862565016297987,-0.0031300277577744795,1.1116453400241628,-0.42934402690370477,0.612470500775729,0.0,0.0,0.0,0.0,0.20484726009333915,0.10529467633717464,0.045602482176887754,-0.0018534272159690074,-0.0025028819123554223,-0.0005606362563588776,0.9999949930258034,0.2056894182157432,-0.1155822443897698,0.04730801973273348,-0.0019457543625024804,-0.002049203073692173,-0.0011366357306475067,0.9999953614222118
0.18736484907106785,-0.0022844036491921904,1.1014263895658645,inf,-inf,0.0,0.0,0.0,0.0,0.20873754796802133,0.10503154667668906,0.03567440545151439,-0.0021463925130930026,-0.0026521020515828885,-0.00048662062067568836,0.9999940612594956,0.20920358454420468,-0.11583336996300979,0.03709049787511241,-0.002249507100214324,-0.002335877532676936,-0.0011633149820320253,0.9999940650284939
0.18847170110481012,-0.0014355314828599045,1.090224667020656,inf,-inf,0.0,0.0,0.0,0.0,0.21165853612222257,0.10543437930215747,0.024729725829340604,-0.00218667872099941,-0.0023999452950741536,-0.00033707788941989345,0.9999946725244335,0.2118473502435932,-0.11542625903514277,0.025749158495612295,-0.002304551014336468,-0.002257271253984827,-0.0010163897297623622,0.9999942803451558
0.18957505730134713,-0.0005815686632891805,1.0780394279364862,1.2976560086616533,-0.6421527444942998,0.0,0.0,0.0,0.0,0.21299436016659934,0.10696695967476541,0.012716817672026148,-0.0017073153023834952,-0.0013388344875520427,-3.353866341342927e-05,0.9999976457331445,0.2130445488075763,-0.11391086759860414,0.013186836046696057,-0.0018593665768616276,-0.0014177395945797814,-0.000536936984836231,0.9999971222303841
0.19067358458189013,0.00026600336132153623,1.0648696004681486,0.20054284345785445,-0.034244113386640865,0.0,0.0,0.24998538469338946,-0.09967081804278527,0.212154130318642,0.11046914936232605,-0.00025379064362150705,-0.0004932433406285979,-0.0004947010698268844,7.247939420484606e-05,0.9999997533642678,0.21215398336633293,-0.11040956454942191,-0.00024937964875931806,-0.0006495586582237318,-0.0005223331530342773,-0.0003900328330568895,0.9999995765579185
0.19134065458357,0.0006854166533646144,1.0608922441625224,0.10218859243402602,-0.008177760521813661,0.0,0.0,0.23794289109767613,-0.09655632489370816,0.21217089963983185,0.1104780937276451,-0.00020424970584696778,-0.0004946051482227189,-0.0004947903988043172,6.28783568279112e-05,0.9999997532972302,0.21217064320443305,-0.11040011429373946,-0.00018965688678455883,-0.0006509329893398339,-0.0005223294879270992,-0.0004004129449356635,0.9999995715637199
0.1912732130140686,0.0009890477669750358,1.0615684925892168,0.2067324712054848,-0.018377244910002057,0.0,0.0,0.16564561087324967,-0.09066211626679856,0.212140787704481,0.11046654919250852,-0.00029390005811107123,-0.0004917616349700892,-0.0004945420367030489,8.511955791272369e-05,0.9999997531766345,0.21213673797952404,-0.11041234927639994,-0.00030215761851094813,-0.0006482052762299151,-0.000522117754280997,-0.00037732085414489777,0.9999995824258849
0.19129988385851723,0.0011965635365492058,1.0635612883566978,0.295002857952963,-0.027229603176126976,0.0,0.0,0.11213770293742854,-0.08543551674420677,0.2121426967693792,0.1104667486705737,-0.00028652320715523427,-0.0004927423421169929,-0.0004945012585683433,8.296868904162711e-05,0.9999997528948129,0.2121389920572726,-0.11041248186793082,-0.00029420448341223315,-0.0006490551971486535,-0.0005220888120632244,-0.0003788920758465521,0.9999995812956216
0.19154342628607365,0.0013328004149533571,1.0658231253621728,0.31075745719212317,-0.027570364433132318,0.0,0.0,0.11213018445917149,-0.08501547521839813,0.2121352779474221,0.1104701460743072,-0.0003085117517197533,-0.0004925392163354768,-0.0004946648762670183,7.924847344922516e-05,0.9999997532156999,0.21213296068083243,-0.1104094740305233,-0.00031207990261891694,-0.0006488590041358902,-0.0005222531036054757,-0.0003821639389575191,0.9999995800921182
0.19196173238066158,0.0014151726371447438,1.0680413848558232,0.3038349706401242,-0.023441518454330557,0.0,0.0,0.11212517265048906,-0.08899625221318821,0.21212771315546025,0.11047376831859579,-0.0003378720125471052,-0.0004915920825504121,-0.0004948747559005193,7.663991467214091e-05,0.9999997537812318,0.21212667223713944,-0.11040621066985955,-0.0003368511923364237,-0.0006479919617129966,-0.0005224596678373669,-0.0003844630558659496,0.9999995796651477
0.1925270151474059,0.0014550129953328215,1.0701011429493645,0.2839016482881422,-0.017265222749624547,0.0,0.0,0.12131246070312968,-0.09375947946399472,0.21212173089268913,0.11047696844920779,-0.0003659866367725362,-0.0004903555157312536,-0.0004950868881845877,7.512990368400956e-05,0.9999997543979395,0.21212172409186114,-0.11040332351064408,-0.00036064794178061743,-0.0006468664719062814,-0.0005226674129258824,-0.0003857653829305708,0.9999995797837182
0.19321157911694725,0.0014637240245464198,1.071969750454875,0.25579436291133834,-0.011481560363500438,0.0,0.0,0.14765456832816354,-0.09844597766684787,0.21211762729405703,0.11047958807537475,-0.0003897252124549361,-0.000489051807847505,-0.0004952862468774946,7.447253506017735e-05,0.9999997549868225,0.21211839938678897,-0.11040097110941215,-0.0003805888711625044,-0.0006456855363205023,-0.0005228623870752125,-0.00038629626538254965,0.999999580240066
0.19397661291668633,0.001450102305881015,1.0736651483668154,0.23719479104354274,-0.007381668218413117,0.0,0.0,0.16664580636529713,-0.10198246874831174,0.21211519167595744,0.11048162136447663,-0.0004084307346002708,-0.0004878382367739049,-0.0004954641517271207,7.431334784531354e-05,0.9999997555032981,0.21211651308181317,-0.11039916176319071,-0.00039609185025797633,-0.0006445915218134122,-0.0005230364469330166,-0.00038638691781568794,0.9999995808198099
0.19479436182507673,0.001420728616927678,1.0751989343778694,0.22437446671783987,-0.004406961247444768,0.0,0.0,0.18100739623111214,-0.10472362391267223,0.21211373902418112,0.11048321857339073,-0.00042345346448355303,-0.000486743717463272,-0.000495619118915095,7.442221221430442e-05,0.9999997559517589,0.21211545744857102,-0.11039775217658879,-0.00040841270488957415,-0.0006436076921804487,-0.000523188198360667,-0.00038624771381693925,0.9999995814278883
0.19564448156313458,0.0013805452511028347,1.076582344209785,0.21556281887789225,-0.0022618713314432083,0.0,0.0,0.19194891932202915,-0.10685083600751992,0.2121128918341757,0.11048448247839147,-0.0004356103397711586,-0.0004857769915615025,-0.0004957519660265177,7.466668359988975e-05,0.9999997563377651,0.2121149014252115,-0.11039664522786999,-0.00041829328292358747,-0.0006427402720425305,-0.0005233184284868907,-0.0003859975392797585,0.9999995820142453
0.19651198823990165,0.0013332608206905994,1.0778268351562865,0.20964351093354494,-0.0007368625522037146,0.0,0.0,0.2002676631876348,-0.10849740730714356,0.21211241891499305,0.11048548896659414,-0.00044547358569052564,-0.0004849358107880376,-0.0004958645368847841,7.496841603597091e-05,0.9999997566676492,0.2121146445444162,-0.11039576975815105,-0.00042624398052880375,-0.000641986238029859,-0.0005234289073395556,-0.00038570526597513517,0.9999995825535616
0.19738591060213306,0.001281647966373771,1.0789438010851569,0.2058132115639359,0.00032608326971560663,0.0,0.0,0.20656561133302687,-0.10976887867803689,0.2121121744290746,0.11048629545469145,-0.00045348049780408184,-0.0004842116854546498,-0.0004959590825416586,7.528196067820062e-05,0.9999997569481,0.21211456207314203,-0.11039507234888926,-0.0004326488406116713,-0.0006413373522665177,-0.000523521800134992,-0.0003854098189937386,0.9999995830352117
0.1982583074743766,0.0012277673238472288,1.079944249458392,0.20347934845301807,0.0010492160927634527,0.0,0.0,0.21130614018683844,-0.11075024835374817,0.21211206625011858,0.11048694568013792,-0.0004599769589256897,-0.0004835932132636788,-0.0004960379402843101,7.55819596567339e-05,0.9999997571856374,0.21211457662124442,-0.11039451267845443,-0.0004378072777721925,-0.0006407830320545442,-0.0005235993617564665,-0.0003851321540881507,0.9999995834569326
0.1991235294691359,0.0011731401601954448,1.0808385744248707,0.20219768311962205,0.0015231434626315477,0.0,0.0,0.21484766255391147,-0.11150537268849949,0.2121120367311234,0.11048747292463265,-0.0004652407876805098,-0.0004830681187465339,-0.0004961033349888448,7.585548591703114e-05,0.9999997573862803,0.21211464092101034,-0.11039406037644243,-0.00044195692745442605,-0.000640312092596229,-0.0005236637449365225,-0.00038488232630232426,0.9999995838210642
0.19997765070334367,0.0011188774203385737,1.0816364242076024,0.20163858164517753,0.0018159097006275001,0.0,0.0,0.2174657886116115,-0.11208305916232601,0.21211205042826664,0.11048790259040411,-0.00046949701975976255,-0.0004826244403527251,-0.0004961572963098724,7.609696247905176e-05,0.9999997575553905,0.2121147268894934,-0.11039369252119646,-0.0004452881454378166,-0.0006399137499770751,-0.0005237169190823633,-0.0003846641065963986,0.9999995841321669
0.2008180321076979,0.0010657780705905443,1.0823466338313756,0.20156295044139416,0.0019807667434259615,0.0,0.0,0.21937126478921792,-0.11252308986045277,0.21211208601827242,0.110488254111048,-0.0004729288859842973,-0.00048225110547286894,-0.0004962016144955905,7.6305207944243e-05,0.9999997576976432,0.2121148184692978,-0.11039339178180393,-0.00044795452881059294,-0.0006395780888179909,-0.0005237606257107414,-0.00038447761142242347,0.9999995843957347
0.20164298980244527,0.0010144074033505838,1.08297720213675,0.2017876724489705,0.0020551184564315634,0.0,0.0,0.22073082375182987,-0.11285364123410402,0.21211213094065312,0.11048854253068434,-0.00047568603491365824,-0.00048193810117504545,-0.0004962378466715522,7.648158739318311e-05,0.9999997578170875,0.21211490693243473,-0.11039314490761733,-0.0004500804973693595,-0.0006392961846667116,-0.0005237963832100595,-0.00038432091604536755,0.9999995846174993
0.20245152991429277,0.0009651536890807763,1.083535298177482,0.20217563166262742,0.002067588857242234,0.0,0.0,0.2216763685891041,-0.11309696665144096,0.21211217816436728,0.11048877956947636,-0.00047789094651795594,-0.0004816766190546035,-0.0004962673284450911,7.662868352152374e-05,0.9999997579171801,0.2121149880563606,-0.1103929416979926,-0.0004517670736947921,-0.0006390602122454674,-0.0005238254967408058,-0.0003841912013236422,0.9999995848029216
0.20324313918627585,0.0009182725793785383,1.0840272832682567,0.20261831467717004,0.002038111173168847,0.0,0.0,0.22231572566558994,-0.11326805905834574,0.21211222393916296,0.1104889744244791,-0.0004796439707582256,-0.0004814590258297811,-0.0004962911895915549,7.674964845748574e-05,0.9999997580008475,0.21211506017495388,-0.11039277422960292,-0.00045309642370576497,-0.0006388634036811192,-0.0005238490723625928,-0.0003840852888347664,0.99999958495701
0.2040176116304783,0.0008739192728951512,1.0844587391796183,0.20302995389793782,0.0019840565090381607,0.0,0.0,0.22273913043607987,-0.11337932520657291,0.21211226643899173,0.11048913448724038,-0.00048102743049673047,-0.00048127868604651546,-0.0004963103929647321,7.684774626303935e-05,0.9999997580705929,0.21211512305717248,-0.11039263620428387,-0.0004541354633587624,-0.0006386998848518086,-0.0005238680544557238,-0.00038400001051109146,0.9999995850842694
0.20477490405425075,0.0008321754634459021,1.0848344947120985,0.20333357858589723,0.001916731134399485,0.0,0.0,0.22303182941580912,-0.11344119946922557,0.21211230484356927,0.11048926567912848,-0.0004821088511387239,-0.00048112991094631736,-0.0004963257386337228,7.692624924547608e-05,0.9999997581285321,0.2121151771164666,-0.11039252261295095,-0.000454938817856812,-0.0006385646200619024,-0.0005238832288836168,-0.0003839322674952393,0.9999995851887156
0.2055150000056753,0.0007930704998540579,1.0851586466220355,0.20345168791583212,0.0018436140358446171,0.0,0.0,0.2232713358652198,-0.1134553827834795,0.212112338862999,0.11048937280497921,-0.00048294371533691427,-0.00048100787375684973,-0.0004963378948415189,7.69881809440313e-05,0.9999997581764408,0.21211522302793784,-0.11039242941041023,-0.0004555510470012486,-0.0006384533368966837,-0.0005238952529046505,-0.00038387924297831596,0.9999995852738279
0.20623777710866206,0.0007565922915112436,1.0854345741894322,0.20330573666619872,0.0017718619266533005,0.0,0.0,0.22354002849183707,-0.11342589302163401,0.21211236841811,0.11048945988742734,-0.00048357762521364367,-0.0004809084268885014,-0.0004963474278490137,7.703622164254899e-05,0.9999997582158392,0.21211526150000887,-0.11039235322591452,-0.00045600849227246665,-0.0006383623629851139,-0.0005239046842159236,-0.00038383846814483784,0.9999995853426172
0.2069428687680991,0.0007227001821567451,1.085664933794567,0.20280335894438425,0.0017054125121741348,0.0,0.0,0.22392752590549514,-0.11335201478274122,0.21211239342500982,0.11048953024333853,-0.00048404811276521464,-0.00048082806010205136,-0.0004963548044665128,7.707282180759516e-05,0.9999997582480035,0.21211529309329344,-0.11039229128057916,-0.00045634090943143246,-0.0006382885866720922,-0.0005239119830469746,-0.0003838077046376411,0.9999995853976943
0.20762950745885417,0.0006913320777631071,1.0858516304535002,0.20183596041888935,0.001646765843115608,0.0,0.0,0.22453586585435648,-0.11322999636258382,0.2121124137205843,0.11048958669701715,-0.00048438612595087804,-0.00048076376575747446,-0.0004963604182035865,7.710012612417922e-05,0.9999997582740248,0.21211531819217866,-0.11039224120793317,-0.00045657264499357475,-0.0006382293387038064,-0.0005239175377704238,-0.00038378500587104506,0.9999995854413114
0.2082963451936799,0.0006624087255373582,1.085995725478314,0.20029312082990183,0.0015977942574167472,0.0,0.0,0.22547758573193327,-0.11305246551601758,0.21211242901302235,0.1104896316657079,-0.00048461727217172235,-0.0004807129669292727,-0.0004963645993614297,7.712002023962793e-05,0.9999997582948362,0.21211533697768228,-0.11039220097770684,-0.0004567236947569109,-0.0006381823281743502,-0.0005239216746749376,-0.0003837686678695204,0.9999995854754166
0.20894127168664262,0.0006358346968181316,1.0860970757375252,0.19818449574102112,0.0015524961086062902,0.0,0.0,0.22684365161964443,-0.11281004120434468,0.21211243884098918,0.11048966724903048,-0.000484762990214202,-0.00048067343498414564,-0.0004963676260742522,7.713417713554326e-05,0.9999997583112448,0.21211534940809204,-0.11039216881815272,-0.00045681067497278793,-0.0006381455688025157,-0.0005239246687363062,-0.0003837571818169489,0.9999995855017143
0.2095614022569618,0.0006114893722917807,1.0861524612158504,0.19647838695447192,0.0014995500589439705,0.0,0.0,0.22843629543936733,-0.11249608342229549,0.21211244234836807,0.11048969537561787,-0.000484842109210723,-0.00048064315078691545,-0.0004963697355190386,7.714414845392829e-05,0.9999997583239849,0.2121153550319689,-0.11039214308410314,-0.00045684809311542784,-0.0006381172500945148,-0.0005239267545705175,-0.0003837491411399789,0.9999995855217783
0.21015442942100393,0.0005891900111352262,1.0861445894261104,0.20320840781748614,0.0013964985030557372,0.0,0.0,0.2279651171312137,-0.1121490024201034,0.21211243706375282,0.11048971812346844,-0.0004848721176306109,-0.00048061998153317863,-0.0004963711308658619,7.715182122276638e-05,0.9999997583338363,0.21211535187574176,-0.1103921219463575,-0.00045684893485732625,-0.0006380954248737729,-0.0005239281331303607,-0.0003837427824178081,0.9999995855374229
