t[s],X,Y,Z,Qx,Qy,Qz,Qw,vx,vy,vz,wx,wy,wz
0.0,0.0,0.0,0.9,0.0,0.0,0.0,1.0,0.0,0.0,0.0,0.0,0.0,0.0
0.03,0.004970087101337568,0.0015079631094869661,0.8993287804347099,0.0025680479177925307,0.0009742465963239476,-0.0007250145423893296,0.9999959651555475,0.16565489899367486,0.050328116574032716,-0.02234172489252664,0.17120342477929354,0.06494986044248137,-0.04833436783319143
0.06,0.011601314103839565,0.0016317422235123705,0.899544751749659,0.0009014440399046235,0.00049078184391169,-0.00036059916279020365,0.9999994082498591,0.22102551722565572,0.004391413545882669,0.007508115175302095,-0.11110742534904264,-0.032249259033987926,0.024268964919312887
0.09,0.018865925352404597,0.001654322471270376,0.8995512867867628,-5.397425091408737e-06,9.841674875402355e-05,-8.232372084659774e-05,0.9999999917539081,0.24215319023383156,0.000860174820694008,0.00035979873627022506,-0.06045577997610077,-0.026162758320380407,0.018545611359425545
0.12,0.026009056074167876,0.0015914369087276245,0.8994503361842776,-0.0005140283717680143,-1.5016712613271314e-05,5.4674305939512e-05,0.9999998662800168,0.23810469633185732,-0.0020878613592713305,-0.003346246198334297,-0.033909007493889434,-0.007565071026864139,0.00912982346007616
0.15,0.03263014828988534,0.0014784822780211197,0.8992741295116637,-0.0008453657560465828,-1.8948914499453212e-06,0.00010213976939026202,0.999999637460242,0.22070238200560677,-0.0037917730626900025,-0.005882424143353697,-0.022089068905788302,0.000874368884297436,0.0031651460725850913
0.18,0.038604241368702434,0.0013451015334867416,0.899037593868075,-0.001102000817266014,2.0427179917302562e-05,0.00011006315102675174,0.9999993865313278,0.19913563582297966,-0.004472923022042097,-0.007889515258988586,-0.01710885921077334,0.0014894385024613686,0.000529517406134758
0.21,0.04397422091041196,0.0012118099712573474,0.8987497457838007,-0.0013275104892748865,8.94872081875966e-06,0.00010679854549766163,0.9999991131145527,0.1789986347967718,-0.004458552468577079,-0.00960049126841409,-0.015034068903779362,-0.0007633352444002986,-0.00021878861727265436
0.24,0.048865880214229676,0.00109121007654927,0.8984132833417507,-0.0015404452890039884,-3.970784198793557e-05,0.0001046534984838859,0.9999988072489108,0.16305411468893627,-0.00402228601367272,-0.011231962728739216,-0.014196013057882281,-0.0032420619069472136,-0.0001474340036345883
0.27,0.0534364929621835,0.0009893331196685557,0.8980240317209653,-0.001749367995492398,-0.00011692130755180842,0.00010773453233612114,0.9999984572159573,0.15235100326123252,-0.0033855136993954857,-0.01301007177918993,-0.013928730436546756,-0.005146417978455549,0.00019802797230725482
0.3,0.05784935675809663,0.0009067714105340723,0.897571310980807,-0.001957856378837528,-0.0002135438792126117,0.0001166942511418458,0.9999980537880377,0.14708984837539313,-0.002729015758661632,-0.01514946031343076,-0.013899875418646518,-0.006441045537385228,0.000587673121567473
0.33,0.062263597033892656,0.0008397151052129605,0.8970381397364913,-0.002163594021430477,-0.00032139460914590897,0.0001306064520663599,0.9999975992513034,0.1471312639822878,-0.00219816858647738,-0.017860219939031297,-0.013716516576889196,-0.007190256517405859,0.000916333652602665
0.36,0.06683023542775468,0.0007814581221761315,0.8964003323803683,-0.002351217733568582,-0.00042942875237197406,0.0001468916455849168,0.9999971328903701,0.1522047398342353,-0.0018878751349287134,-0.021383176056835426,-0.01250887654488975,-0.007202984285197142,0.00107411831209766
0.39,0.07168708750575457,0.0007261310876534211,0.8956237149446911,-0.0024756299719843004,-0.0005173105259783622,0.00016002428335332858,0.9999967890139899,0.16186992983434198,-0.0017685741465292757,-0.026049228164172704,-0.008294664019415143,-0.005859618148326741,0.000865296512439519
0.42,0.07694468768836928,0.0006794712414549863,0.8946591949878601,-0.0024358629655519466,-0.0005542327055046569,0.00015999212852250375,0.9999968668952118,0.17521830259902157,-0.0014530191468029273,-0.032345826358856224,0.002650743099086861,-0.0024618869854855304,-9.609649054265787e-06
0.45,0.08266322786956379,0.0006405363943427034,0.8934848400863586,-0.0022369487610459987,-0.0005348608407416473,0.00014611090982764025,0.9999973443143354,0.19057487886534732,-0.0011727537058592262,-0.03935851381209396,0.013260676764366121,0.001291603789291973,-0.0009296206153270142
0.48,0.08885278046524007,0.0006008138357583268,0.8921075409845445,-0.0019864848492707056,-0.00048264507226766,0.00012719756053177975,0.9999979023740292,0.20627125363301477,-0.0011861153862072493,-0.046125177960479685,0.01669746740025181,0.003481442769712342,-0.0012620360102699806
0.51,0.09549678726203127,0.0005619259862169441,0.8905233104369951,-0.001733560188544367,-0.0004131727512494677,0.00010823205573306544,0.999998406170316,0.22141920818685396,-0.0011515718959980291,-0.05301061137999833,0.01686165446575195,0.004631861502330541,-0.001263306429617515
0.54,0.1025658434063502,0.000525439241588088,0.888723284160125,-0.0014961257018633008,-0.0003312227991899886,9.218625811401047e-05,0.9999988216998235,0.23559024491136232,-0.0010693733410343542,-0.0601799565724735,0.015829138068577202,0.00546347415528609,-0.0010667902315405603
0.57,0.11001721155920191,0.0004901792678455472,0.8866977729552313,-0.0012777689101142263,-0.00023436076802824503,8.173560259651655e-05,0.9999991528501082,0.24834051977473612,-0.0010310441727570429,-0.06766056916667083,0.014557499989012616,0.006457168909025779,-0.0006918720535538531
0.6,0.1177803434320406,0.0004523667458302313,0.8844401270949166,-0.0010747528218493963,-0.00011727056850867924,8.052591085770452e-05,0.999999412334609,0.25874439099212254,-0.0011252557342225388,-0.07534865625577374,0.013535035775555627,0.007805007618370266,-7.384511486845222e-05
0.63,0.12572556964380385,0.0004074649030865777,0.8819523072418928,-0.0008768734720864094,2.1737448169097305e-05,9.366324432795481e-05,0.9999996109237212,0.264832700341689,-0.0013809903449351112,-0.08295543817070135,0.013192812214302648,0.009265193722246228,0.0008842335814881068
0.66,0.13361121646181298,0.0003545906404401856,0.8792535329496044,-0.0006628922444670846,0.00016786632676349665,0.00012619812515240135,0.9999997582343717,0.2628715685233078,-0.001681790502151057,-0.08991195619181566,0.014266283709939124,0.009738683269832944,0.0021778428455076996
0.69,0.14100462748735174,0.0003078467666729511,0.8763929046576456,-0.00039010073841148056,0.00026618857690473253,0.00017493538116187366,0.9999998731813259,0.24648793576160563,-0.0015319978674644872,-0.09524892478021146,0.018186383131454084,0.006550365010983382,0.003256546665962971
0.72,0.14717766040551244,0.0003290750459055493,0.8734675562678376,1.2402261237910506e-05,0.00018748023088724624,0.00019940935279676367,0.9999999624666278,0.2058122384418276,0.0006673862833428811,-0.09741799588451083,0.02683218074612819,-0.005252554756613842,0.0016366927412964187
0.75,0.15099789574195802,0.0006060238947524729,0.8706733159380277,0.0005557642860582957,-0.000291492683140328,6.200293856201013e-05,0.9999998011568351,0.12733389556286695,0.00914542267007572,-0.09315981629304532,0.036219486996727654,-0.03193886432184103,-0.009153238624233472
0.78,0.15155247003995784,0.0007433343683492794,0.8707074809472901,0.0001430082087648646,-2.145510501131013e-05,8.492938047070651e-05,0.9999999859376654,0.018486837606678408,0.004575092667668995,0.0011298508365923804,-0.027515512578166354,0.01800506153721107,0.0015264443305353353
0.81,0.15155247003995784,0.0007433343683492794,0.8707074809472901,0.0001430082087648646,-2.145510501131013e-05,8.492938047070651e-05,0.9999999859376654,0.018486837606678408,0.004575092667668995,0.0011298508365923804,-0.027515512578166354,0.01800506153721107,0.0015264443305353353
0.84,0.15788117614160865,-0.0012618279635545765,0.8705102406874384,-0.004742524088411858,0.001991289472277843,0.0015787060288706303,0.9999855253546337,0.21085835536883446,-0.067159569630619,-0.0064671254091330415,-0.32569011467044184,0.13422552692861678,0.09957348945188299
0.87,0.1680471493217703,-0.001133882200908827,0.8745319404065925,-0.001869816433560564,0.0006416577182532849,0.0008888112429432111,0.9999976510354671,0.3385201733236083,0.0025398643190877174,0.13497126048504204,0.19146478254068322,-0.0900601371951388,-0.04603902838071719
0.9,0.1810700379982256,-0.0011067603893658321,0.8785412235219515,-0.0004591451529971503,-0.0001608621381421731,0.0002922468777089895,0.9999998389504188,0.4340326561043765,7.99820252161661e-05,0.1338527325125442,0.09402281748049171,-0.053510541987941806,-0.03981070685649258
0.93,0.19522635058434742,-0.0010252847603762188,0.8823176462347848,0.00019243659352555516,-0.00032530822646317065,-2.027741797301481e-05,0.9999999283657682,0.47193896085197506,0.0025539743128482556,0.1256520575858332,0.04343222733989473,-0.010966199415166855,-0.02084697463769623
0.96,0.2094992805700878,-0.0008978524712662042,0.8856961362126551,0.0005326118741751799,-0.0002137055135551834,-0.00014075249719392355,0.9999998254216245,0.4758242707850494,0.004405915632578528,0.11235674139921584,0.022675588642087467,0.007439092542734709,-0.008040480920637246
0.99,0.22339141857786973,-0.000753942296340012,0.8886075883271001,0.0007556987216764308,-6.96599925360109e-05,-0.00016996688945886324,0.9999996975890463,0.46309721706916396,0.005065832644216193,0.09691083012805048,0.014870690750005428,0.009604087357712676,-0.0019559200500472787
1.02,0.2367290734384186,-0.0006138575298635403,0.891055844588689,0.0009390527183328894,1.8577957518905888e-05,-0.00016662729468683874,0.9999995450349947,0.4445910436701321,0.004957417517483722,0.0815776743990036,0.01222261952432474,0.005884773412611217,0.0002173409407574562
1.05,0.24951188537163418,-0.0004890369763411562,0.8930751179401148,0.0011148966599310545,4.206733283973095e-05,-0.0001573963409893156,0.9999993652308831,0.42608825570271186,0.004437015525309298,0.0673261227522205,0.011722663060159866,0.0015684891233705847,0.0006141419096981587
1.08,0.2618181155037459,-0.00038479042006566826,0.8947026757904507,0.0012979561788371951,1.5821783131289963e-05,-0.00015220267793832043,0.9999991459465222,0.4102034143317075,0.003732805062016022,0.054266979488367645,0.01220423737994848,-0.0017473947118226358,0.00034870581139460563
1.11,0.2737548649144071,-0.0003016689824874236,0.8959671083391044,0.0014941929720351846,-4.4377226912496414e-05,-0.00015349414738923553,0.999998870928148,0.39789196696666723,0.0030100055672247048,0.04212831962162465,0.013083077788338875,-0.004011384213812991,-8.068464812884094e-05
1.14,0.2854373252382797,-0.0002359679953745332,0.8968846066398898,0.0017013920150533096,-0.0001271032567120915,-0.00016034462583937813,0.9999985316987091,0.38941986086274416,0.0024098616783483303,0.030509149746040472,0.013814114108437024,-0.005513625615538888,-0.000449073940516353
1.17,0.2969838076982495,-0.0001803474214641129,0.8974571671427717,0.0019027760162097379,-0.0002229836433457872,-0.00016971180797599748,0.9999981504581041,0.3848887617919694,0.0020495860363044602,0.01894357205383295,0.013426569272130442,-0.006390929434143419,-0.0006153130684997626
1.2,0.30851693720575724,-0.0001267750107987638,0.8976691525634961,0.0020502549828097048,-0.0003196017538011894,-0.00017641549388957938,0.9999978315910479,0.38444078039407004,0.0019463191394743216,0.00685021276521065,0.009832946916745286,-0.006440382003349238,-0.00043685136255466607
1.23,0.32016319479530336,-7.814056876519242e-05,0.8974820208935756,0.002038222192282454,-0.00039554258342817933,-0.0001724297447290034,0.9999978297298163,0.38820343948747293,0.0017304877436272246,-0.0065221978259678935,-0.0008012059759817929,-0.005062307772979632,0.00027635226392560603
1.26,0.3320462232983773,-3.21127655078695e-05,0.8968944676898049,0.0018682475730339998,-0.00043935735422705803,-0.00015600352335688836,0.9999981461377925,0.3960839454092198,0.0015871831983067918,-0.019921901858849737,-0.01133072292720063,-0.0029206919449584305,0.0011055184536687683
1.29,0.34427875120472595,1.9393298575429865e-05,0.8959396806808134,0.0016479303194845425,-0.00045519071231545533,-0.00013246835417859927,0.9999985297885255,0.4077217982520552,0.0017219304868487438,-0.032197019648447275,-0.014686983551244714,-0.0010549040700671946,0.0015774376154147056
1.32,0.35695969733598537,7.50346521562901e-05,0.8946257325986473,0.0014264686769359528,-0.00044313676006606055,-0.0001060629934513978,0.999998878783155,0.42265824776418837,0.0018202882338037394,-0.04418362252428852,-0.014763431413701506,0.0008045514014820305,0.0017657541044097762
1.35,0.37017032564657626,0.00013602670876328865,0.8929437164234011,0.0012213420260798415,-0.00039742515280092255,-8.118290733927681e-05,0.9999991718927765,0.4403066169297251,0.001966566903987092,-0.05644262638897845,-0.01367471090243844,0.0030483613705573737,0.0016603854982442706
1.38,0.38396056479967866,0.00020911897283336714,0.8908749682008066,0.0010354073011960949,-0.00030576661477944503,-6.363337733172444e-05,0.9999994151944746,0.4596256862499528,0.0023469825606537093,-0.06928689423211858,-0.012395689059176481,0.0061109932487210025,0.0011674322709887691
1.41,0.39831685839387354,0.00030695166703137715,0.8883987782806088,0.0008641490373538786,-0.00015258363265602338,-6.234407035333172e-05,0.9999996130388717,0.4785048331992522,0.00316437224415909,-0.08276509917251419,-0.01141784822463251,0.01021155943995602,7.88718070529877e-05
1.44,0.4131002395233557,0.0004472580617433976,0.8855050022802224,0.0006974595104416488,6.942993534069914e-05,-9.068950843790633e-05,0.999999750252533,0.49277064229325446,0.004601624719368344,-0.09650742241056673,-0.011113849961744438,0.014798574607818367,-0.0019007891766089384
1.47,0.42794092884785345,0.0006493660405257204,0.8822170286123695,0.000517622045992957,0.00033239944175626805,-0.0001639335737485836,0.9999997973518855,0.4947319379725915,0.00672984492912382,-0.10940851742291684,-0.011990414588826577,0.017526803200704072,-0.00489599604942865
1.5,0.44207671366277823,0.000920176398862378,0.8786313556159251,0.00029301449218072047,0.0005288314793874131,-0.00028044153473616744,0.999999777916135,0.47129156027568325,0.009139695636730347,-0.11912395187134078,-0.014973398446752351,0.013088991988964158,-0.007778951969187774
1.53,0.45413088522602185,0.0012033270826348112,0.8749806940444829,-2.5060683775444893e-05,0.0004345300295821178,-0.0003512173815855311,0.9999998436009709,0.4019167334113082,0.00965963825786719,-0.12130414377544357,-0.021200750408228795,-0.006294093683247796,-0.004727759369664521
1.56,0.46185052170776003,0.0012383336089021953,0.8717514306074174,-0.00041591184251407157,-0.00022938610950513328,-2.350346266856921e-05,0.9999998869234632,0.2573428496646879,0.001310752383320072,-0.10758878328226706,-0.026050690988360794,-0.04427077454068737,0.021835163092240706
1.59,0.46230833474568017,0.0011381081320542225,0.8717890553790296,-0.00016177192874238455,7.156927641013525e-06,-3.050031076847356e-05,0.9999999864241762,0.015260893308855772,-0.0033407482536928013,0.0012488377920637922,0.016942184464355452,0.01577012808113125,-0.00046378401504054353
1.62,0.46230833474568017,0.0011381081320542225,0.8717890553790296,-0.00016177192874238455,7.156927641013525e-06,-3.050031076847356e-05,0.9999999864241762,0.015260893308855772,-0.0033407482536928013,0.0012488377920637922,0.016942184464355452,0.01577012808113125,-0.00046378401504054353
1.65,0.46681554780578044,0.0029096896401086293,0.8705416118304494,0.003887957902666117,0.0021275053319326576,-0.0016146311939383038,0.9999888751733778,0.15023191130865904,0.059145070802822684,-0.041480911959992504,0.2699793628583231,0.14138243425855207,-0.10558435882017053
1.68,0.474569850320401,0.002634784609212811,0.8726617734885536,0.0015471278210142626,0.0006953206670560194,-0.0008804280965349252,0.9999981738838538,0.2582978726668339,-0.008132724297107423,0.07144860764152458,-0.15600619410844102,-0.09554103127663652,0.04898660513287989
1.71,0.4849687206626179,0.00237468133467477,0.8749108423217052,0.00040408958827297845,-0.00021309516845708244,-0.00028056995878130813,0.9999998562912656,0.34660264104721517,-0.008121283951812802,0.07515255562110618,-0.0761771014507046,-0.06056626863202759,0.040031295349416456
1.74,0.4966191735923982,0.0020666374545704335,0.8771476988156509,-0.00012351518225764028,-0.0004478421567315689,2.5224697277785652e-05,0.9999998917725527,0.3884002462773145,-0.010148082984284594,0.07430807059450543,-0.035164914684488895,-0.015651428353180535,0.020400128845753075
1.77,0.5086516366663071,0.0017468283181756206,0.8792057204410081,-0.0004035498484507929,-0.00037343860148858417,0.00014095508729512242,0.999999838911384,0.40113652686682616,-0.010763028429300549,0.06826565483270046,-0.01866539608019244,0.00495975293690331,0.00772433213353199
1.8,0.520612458109682,0.0014480142466959628,0.8809849169632183,-0.0005904940883082952,-0.00024383163392605698,0.00016852651854535594,0.9999997817308154,0.39872746764341216,-0.010142687242748593,0.05905044755694487,-0.012461044630378514,0.008641476717330955,0.0018462366785757522
1.83,0.5323183774793168,0.001185563072718404,0.8824516575942224,-0.0007440747422454406,-0.00015509808055539897,0.00016496055207651338,0.9999996975426441,0.3902138335951891,-0.00894363730366144,0.04872388434285245,-0.010237772431465677,0.005917433469051018,-0.00023174047068718262
1.86,0.5437354419905478,0.0009639485494122139,0.8836050421133429,-0.0008896859076962971,-0.0001215362725178207,0.00015556862950101165,0.9999995847430746,0.3805770389817133,-0.007571851112082,0.038328651390860544,-0.009707141745319907,0.002239519260512412,-0.0006229563104230037
1.89,0.554900013358457,0.0007819694365232615,0.8844516743725622,-0.001040290911909296,-0.00013185249457625466,0.00014981823443581738,0.9999994389819601,0.3721576382690088,-0.006233985451659037,0.02811490609514817,-0.01004049171265275,-0.0006858460046259411,-0.00038274961665564846
1.92,0.5658761394176762,0.0006351654127610997,0.8849932146144758,-0.0012025627453130354,-0.00017273468509241356,0.0001503633306686325,0.9999992506979397,0.3658748568203349,-0.005043645320142656,0.017928757477897385,-0.0108185328012783,-0.0027238965584004695,3.493271417414983e-05
1.95,0.5767369759581907,0.0005167844835638048,0.8852210636342739,-0.001376338357062583,-0.0002341945411405514,0.00015680303658990324,0.9999990131287387,0.3620297113153043,-0.004076618189948092,0.00743730239153185,-0.011585593144289303,-0.004096097736772173,0.00042638963975331315
1.98,0.587559510854532,0.0004186918449072185,0.8851128600113326,-0.0015476961056816833,-0.0003074003666625769,0.00016652184071552897,0.9999987412053356,0.3607480802886543,-0.003375548614423594,-0.0038118832893702763,-0.011424477171263757,-0.0048794882888384735,0.0006438808195040083
2.01,0.5984246042269864,0.00033464180341510863,0.8846274619846717,-0.0016718882165468643,-0.00037962814508470805,0.00017386002067100914,0.9999985152213757,0.3621576090181267,-0.0028724347388431977,-0.016437885487153293,-0.00828013843060634,-0.004814562252830925,0.00048430656157133294
2.04,0.6094154650079106,0.0002722441641631955,0.8836992000790171,-0.0016482026995879796,-0.0004281517574465283,0.00016741164898965188,0.9999985360425652,0.36633619589738653,-0.0021017125970613764,-0.031244935125554856,0.0015783088209250905,-0.003234457962829212,-0.00043589889831654874
2.07,0.6206109887314633,0.00022956917436155687,0.8823158440383279,-0.001479931427363927,-0.0004425009909171518,0.00014583811646959487,0.9999987963628192,0.3731433920653245,-0.0013946337773052724,-0.04644117069351732,0.011217321118719897,-0.0009561142728859843,-0.0014446160472617862
2.1,0.632079566150143,0.00019342694892157035,0.88051954519441,-0.0012720787016422966,-0.000430081355180138,0.00011841591924190996,0.9999990914113246,0.38223320980752923,-0.0011405100898360604,-0.06021340857959592,0.013856172708580729,0.0008286681040250762,-0.0018330534853743827
2.13,0.6438762586509157,0.000161426177488075,0.8783303280916928,-0.0010719522168781206,-0.0003937846205823236,9.034005997036124e-05,0.9999993438451802,0.39316261488668486,-0.00097733861020551,-0.07330023766167428,0.013341256577392421,0.002420588465477784,-0.0018743841479083253
2.16,0.6560394119821161,0.00012991595616441333,0.875753055449446,-0.0008952518227563484,-0.00033095896396951555,6.59284793401515e-05,0.9999995423217821,0.40537591948540075,-0.0009444021837172152,-0.08620486674024755,0.011779770317216675,0.004189059922988114,-0.0016275878989417112
2.19,0.668579442117045,9.077700914503754e-05,0.8727840750852147,-0.000743495726372379,-0.00023355138924324037,5.03365896502246e-05,0.999999695066994,0.41794492553544244,-0.0011908529222964487,-0.0992040074049761,0.010117161744012455,0.0064941023232156486,-0.001036994229377508
2.22,0.681452805357061,3.074302353318301e-05,0.869417412796101,-0.0006113303817627732,-9.187354712152882e-05,5.1278607574068475e-05,0.9999998076024414,0.42907536859206885,-0.0018925988352352734,-0.11236435251774447,0.0088115160262425,0.009444698196644416,6.776542990644119e-05
2.25,0.6945120558248772,-6.81742217464386e-05,0.865653583400003,-0.00048777670628673454,9.40412876428257e-05,8.051828924606548e-05,0.9999998733734551,0.4353081942947468,-0.003216718835800399,-0.12546361730606007,0.00823772751755845,0.012392706389434457,0.001956131799603933
2.28,0.7074210201591471,-0.00022557928917988656,0.8615139644578653,-0.00035201499986099494,0.00028876453992165415,0.0001525426770081128,0.9999998847155994,0.430350385118246,-0.005231315773210159,-0.13782696900441774,0.009051373445105442,0.012978477695512686,0.004808808476046844
2.31,0.7195252423177028,-0.0004480757218656902,0.857063735232228,-0.000162065737664533,0.00038073552111578783,0.0002695588664343414,0.9999998780565812,0.4035701487608442,-0.007510685261146642,-0.14807465556194624,0.012661965278074037,0.006126720438885164,0.0078068935909761114
2.34,0.7296766972528316,-0.0006706336849444703,0.8524526216888663,0.0001492925004212388,0.0001619639526182992,0.0003591329340385685,0.9999999112514776,0.3384604698387269,-0.00762939606266878,-0.15352022518984862,0.020751009172032098,-0.014591333752946335,0.005977142652158458
2.37,0.7360490719862199,-0.0005963436251166058,0.8480771926254622,0.0005164101998581917,-0.0005103639654352931,0.00012780923564112117,0.9999997282569268,0.21236283755639423,0.0022758110498238768,-0.14592322440684038,0.024460916288978268,-0.04483295196429416,-0.015410920231215108
2.4,0.7369113937907544,-0.0004753816708678432,0.8481383707199361,0.00013988620974947648,-5.5103967231759594e-05,0.00013629389223809542,0.9999999794096878,0.028746273113955778,0.00402580653140595,0.0020203712977506783,-0.0250974348464961,0.030354168931172938,0.0005627790701913313
2.43,0.7369113937907544,-0.0004753816708678432,0.8481383707199361,0.00013988620974947648,-5.5103967231759594e-05,0.00013629389223809542,0.9999999794096878,0.028746273113955778,0.00402580653140595,0.0020203712977506783,-0.0250974348464961,0.030354168931172938,0.0005627790701913313
2.46,0.7438058178216678,-0.0023359215840855797,0.8482092122569944,-0.0027690579002495742,0.0023746202216053474,0.0015418361261016569,0.9999921580885064,0.22970405496790763,-0.06241009760508297,0.0027309426395962077,-0.1939028179978752,0.16202156094357326,0.09369116719497553
2.49,0.7536225221442384,-0.0020305843377596486,0.8519569248381309,-0.0011206825521719985,0.000836405409958797,0.0008684373819666795,0.9999986451556427,0.32684377100324136,0.008901747637101859,0.1260111436631531,0.10984061974924905,-0.10259309453690715,-0.04491661517126405
2.52,0.7658889558408368,-0.0017016773614868864,0.8558568861614463,-0.0003063065637016237,-9.697036570252676e-05,0.00028333452423283905,0.999999908247288,0.4087972239376984,0.010306984339861876,0.13031626222696674,0.054270357336810585,-0.062228491966280795,-0.03903121430130656
2.55,0.7791483107587975,-0.0013667164451152036,0.8596588122271852,6.0915964905795295e-05,-0.00032838450770982045,-1.907302759667271e-05,0.9999999440445384,0.44203530767801236,0.011017487832874774,0.12654559281391986,0.024475175387715632,-0.01542836969998753,-0.020167602780596094
2.58,0.7925520248359461,-0.0010589181538196834,0.8631606675348714,0.00025374205221758545,-0.00025254462609547267,-0.0001310198370019409,0.9999999273349899,0.4468566579218922,0.010363695452978182,0.11646569517339893,0.012852524748541962,0.005055782067597523,-0.007467649696983497
2.61,0.8057037501852515,-0.0007937748796497208,0.8662598290683425,0.00038523797152386117,-0.00012971816332948936,-0.0001541285368864549,0.9999999055046442,0.43842775543261636,0.009029074460156777,0.10313208926906972,0.008764932488697703,0.0081891875950959,-0.0015448717346094555
2.64,0.8184796889050625,-0.0005722869636586472,0.8689366411399081,0.000499502459045363,-5.2222138683174634e-05,-0.00014663647668514162,0.9999998631339333,0.4258785990952823,0.007589922806486068,0.08914296251035166,0.007616901394552891,0.005167767314559934,0.0004964917597167781
2.67,0.8308927156554361,-0.00039020822512077203,0.8712061340095518,0.0006165588247335407,-2.9755141150806218e-05,-0.00013444422078308984,0.9999998004472794,0.41377202409166586,0.006270000849505993,0.07560895696989031,0.007803581565576867,0.0014993497354946921,0.0008116606544031866
2.7,0.8430096702663058,-0.00024214305480328808,0.8730858863818489,0.0007474395570011184,-4.849353887172072e-05,-0.0001271002050485653,0.9999997114139699,0.4039020726405536,0.005126583510342444,0.06261994551798865,0.008725566614550175,-0.0012477515006491598,0.0004901107513527334
2.73,0.8549103466586726,-0.00012234883218622308,0.8745820000788482,0.0008979673385402667,-9.457494979904267e-05,-0.00012704442830044143,0.9999995842848891,0.39669530550932264,0.004175963473373248,0.04980698183736707,0.010035579560238966,-0.0030708153454943894,5.526934585456714e-06
2.76,0.8666725266722394,-2.438517301583547e-05,0.8756842981915065,0.0010675150412767468,-0.00015866796765678633,-0.0001334211640068531,0.999999408717278,0.392081085743046,0.00343969285100239,0.036637390522626795,0.011303688694523929,-0.004271812945222416,-0.0004223491282624083
2.79,0.8783707014397567,5.8912332146572e-05,0.8763636611282197,0.001241863115603113,-0.00023319818601954956,-0.00014303867062033277,0.9999991914669466,0.38994721232906787,0.0029365009064720223,0.02248602898356869,0.011623774808070161,-0.004967814288173902,-0.0006377087530371642
2.82,0.8900799175685356,0.0001326587396533483,0.8765676827292191,0.001376286060495385,-0.0003070854241421757,-0.00015010130644931433,0.9999989945019043,0.3903100802857279,0.002590150016771019,0.006583233877005892,0.008962133538482804,-0.004925117850143981,-0.0004668165113941472
2.85,0.9018777284721748,0.0001879823773637638,0.8762171418187957,0.001372844515890661,-0.00035967248133200204,-0.0001453499201711464,0.9999989824030033,0.39325192640968737,0.001927819034549475,-0.011952088710615639,-0.00022881146845687116,-0.003505399024480778,0.00032165409125373666
2.88,0.9138395049283257,0.00022715202428227944,0.87531000234452,0.0012330090837287897,-0.00038145802433448077,-0.00012707296346452528,0.999999159015065,0.39870300112295626,0.0013350884095985338,-0.03053692281603071,-0.009321719503725765,-0.0014520460689410558,0.0012238111307329644
2.91,0.926035325844197,0.000264719095824028,0.8739188488702333,0.0010565889322886987,-0.00037907451902133814,-0.00010213095284747562,0.999999364745601,0.40649169245915373,0.0012388793831652756,-0.04668379820126352,-0.011760736414905059,0.00015946115287141785,0.0016670915943357042
2.94,0.9385283695787536,0.00030375408687713157,0.8720872174357245,0.0008893024154061061,-0.00035436726655318156,-7.582659919328958e-05,0.9999995389075843,0.41638967087668227,0.0012561655802769568,-0.06136228358084375,-0.011151943167484687,0.001647867378090903,0.0017561109004372451
2.97,0.9513711327006911,0.0003485385994245094,0.8698357569735299,0.0007459319429028212,-0.0003030169449882443,-5.3011712285081073e-05,0.99999967447796,0.4280424871684577,0.0014250148553886144,-0.07533247259347624,-0.009557755759803116,0.0034239842780703234,0.0015213351063940114
3.0,0.9645938283406252,0.00040825253889188815,0.8671697423822178,0.0006273178242763936,-0.00021409562670585114,-3.9373722298609816e-05,0.9999997795425357,0.4407103278244901,0.0019089876493349977,-0.08909773956980195,-0.007907649343556642,0.005928347105079604,0.0009071736002044969
3.03,0.9781768520043868,0.0004980886101866995,0.8640861409171725,0.0005275013652828323,-7.30467690167278e-05,-4.318498233602031e-05,0.999999857270758,0.45273767952567556,0.0029131383113458207,-0.1029201316705957,-0.00665485705588214,0.00940283486136329,-0.00025855789008188436
3.06,0.9919962495582487,0.0006392687352568581,0.8605837329061721,0.0004349632417140635,0.00012785491795520976,-7.660177679882118e-05,0.9999998942961275,0.46065242621078345,0.004648830368703517,-0.11672618938339879,-0.00616994983922389,0.013392002601028696,-0.0022344003118044465
3.09,1.0057279794783318,0.0008561407037194019,0.8566803767127762,0.00032939676353550536,0.0003639376499773082,-0.00015333556015036535,0.9999998677676738,0.4577866067303427,0.007234953830187386,-0.12989228225390428,-0.007038315355096004,0.015736083357784227,-0.005123330847232067
3.12,1.0186960147565243,0.0011608289998821728,0.8524422474565625,0.0001745268500064862,0.0005334094818585856,-0.00027091884887121397,0.9999998058088214,0.43239011084445256,0.010268602189330286,-0.14088817478422477,-0.010323537828717094,0.011293957018639477,-0.007846364696227794
3.15,1.0296557664262755,0.0014917460777888324,0.8480362082997087,-7.534269000151904e-05,0.0004194053652411808,-0.00034252881838183586,0.9999998505483024,0.36545799885435637,0.01124016670397808,-0.14652092876449155,-0.016653361289799166,-0.0076056208070397115,-0.004781555363289171
3.18,1.03654041747619,0.0015482440326878945,0.8439152825714176,-0.0003076816860509948,-0.00020178300621148134,-3.631883738887218e-05,0.999999931648268,0.22951753310577136,0.002022806133536158,-0.13731350518871746,-0.015483641804118094,-0.04141940142465822,0.020404382933636882
3.21,1.0369059383447383,0.0014831188283016747,0.843946521214276,-0.00011620870456264595,-1.523992983696245e-06,-3.665453054206741e-05,0.9999999925748299,0.012184398799920282,-0.002170391786177098,0.0010378908693518263,0.012764376578985402,0.013351071450576964,-2.0847392296345635e-05
3.24,1.0369059383447383,0.0014831188283016747,0.843946521214276,-0.00011620870456264595,-1.523992983696245e-06,-3.665453054206741e-05,0.9999999925748299,0.012184398799920282,-0.002170391786177098,0.0010378908693518263,0.012764376578985402,0.013351071450576964,-2.0847392296345635e-05
3.27,1.0429917278834886,0.003238896550864749,0.8429138472373497,0.002373737831484794,0.0024904389006056315,-0.001538680273577908,0.9999928977476816,0.20285267778292207,0.05876805367893031,-0.034049877904667916,0.1659905432169008,0.16614898482344626,-0.10011625796982931
3.3,1.0519155887785279,0.0028613376051869477,0.8449166508141316,0.0009829431377629265,0.0008444736398048024,-0.0008537362788057844,0.999998795909988,0.29726682937208354,-0.011648155144447607,0.06779257686841073,-0.09266487986318903,-0.10976558490900629,0.04569281268983341
3.33,1.0632319065777045,0.0024117920252741416,0.8472202799201897,0.0002993501953891844,-0.00015873795477194772,-0.00027010359317039334,0.9999999061178811,0.3771744805357762,-0.014462343658000133,0.07706521394254454,-0.04554865342843722,-0.06688143719201556,0.0389361287371194
3.36,1.0755792007450484,0.0019648411012150252,0.849592829145968,-8.397211748888092e-06,-0.00041733628750140645,2.4757272397849096e-05,0.9999999125734899,0.411625616009915,-0.0147744080832499,0.07885218626575606,-0.02050871593141845,-0.01723954501072058,0.01966580763358503
3.39,1.0881497841272803,0.0015667222421831054,0.8518131517307892,-0.0001728233855478112,-0.0003511415252435799,0.00013070562949536824,0.9999999148738689,0.41907412912432657,-0.01334915715718034,0.07368631423279252,-0.010958687045126212,0.004413195931596229,0.0070678350261153145
3.42,1.1005615468143695,0.0012312574306345457,0.853757576284594,-0.0002869043316849782,-0.00023177660004146386,0.00015040902786037113,0.999999920671315,0.4137599694587456,-0.011328208879335208,0.0645677997893983,-0.007603894373370175,0.00795842822938477,0.001317605575264576
3.45,1.1126914495645974,0.0009545893562399137,0.8553886183869083,-0.00038610208279555664,-0.00015421935790973276,0.00014097730798271496,0.9999999036334803,0.40434833686089944,-0.009376623007160136,0.05420573825289879,-0.006612551275715604,0.005171657231666009,-0.0006257648910362795
3.48,1.1245463236814002,0.0007277277847724245,0.8567066479051934,-0.00048718110731100795,-0.00012885801754164186,0.00012738914105706183,0.9999998649110842,0.395172841864674,-0.007706417327173384,0.043815787379002824,-0.00673850333977103,0.0016920552178270598,-0.0009041853182399001
3.51,1.1361837937276529,0.0005415029166880118,0.8577166837909648,-0.0006003335521692533,-0.00014260999003864422,0.00011892102948643307,0.9999998025598833,0.3879232475122352,-0.006339597570058678,0.033555732555142236,-0.007543686882089838,-0.0009155625871258418,-0.0005640147735800232
3.54,1.1476728627069699,0.00038763645051471344,0.8584130392036077,-0.0007317824404610887,-0.00018239087600875842,0.00011816975102577479,0.9999997086319267,0.38297525817542943,-0.005250515107648771,0.023080467573807696,-0.008763583804241819,-0.002650987238737039,-5.0426868041821265e-05
3.57,1.1590792120764968,0.0002585586765713699,0.8587730413673048,-0.0008821205458566422,-0.00023939539831355412,0.00012461998859224094,0.9999995745114316,0.3802156138644036,-0.004414136897997872,0.011832669307641774,-0.010022914675558738,-0.003799432343859992,0.0004290637969415628
3.6,1.1704635551521196,0.00014763225241580248,0.8587527684155363,-0.0010389917736977354,-0.00030612253376649653,0.00013531105433686318,0.9999994042378261,0.3794767020144357,-0.0037946821761382673,-0.0008899735016049716,-0.010458471213451148,-0.004447801977771293,0.0007113183559998044
3.63,1.1818850294414975,5.232434229718567e-05,0.858281096676919,-0.0011600582651493383,-0.00037088336509321236,0.00014396602643038667,0.9999992479917843,0.3807041788982887,-0.0032483889800629428,-0.015987199160549494,-0.008071513027960126,-0.004316896772636925,0.0005749842210901052
3.66,1.1934028528525014,-1.3637574791147775e-05,0.8572566303614287,-0.0011518067837242348,-0.0004110796572657752,0.00013866698052858445,0.9999992425627715,0.38389999902135125,-0.0022279367302177853,-0.03445420068408291,0.0005495811130576973,-0.002679420313374388,-0.0003565821009979969
3.69,1.205071966918643,-5.209365225461435e-05,0.8556692647962348,-0.0010167566902370322,-0.00041783588969239167,0.00011785346767571692,0.9999993888645944,0.38892614748479865,-0.0012665463689103661,-0.05323735420859303,0.00900271114999026,-0.00045006140212921,-0.001391787710718832
3.72,1.2169426958767156,-8.239563504240706e-05,0.8536009778089083,-0.0008513937309122336,-0.0004009815151712475,9.119163269043478e-05,0.9999995530132129,0.39563417391426875,-0.0009636775369973982,-0.06926871880091236,0.011023591468053602,0.0011241368592387795,-0.0017809197296086493
3.75,1.2290603179547668,-0.00011113980225708025,0.8511052826482833,-0.0006995216926722881,-0.0003643538509631755,6.45928396289046e-05,0.9999996868716698,0.40385680493650344,-0.0008917976540777216,-0.0835003837803609,0.010124317297948023,0.0024424332167094515,-0.0017752337871181517
3.78,1.2414617265662489,-0.00014482388468589364,0.8482109461458883,-0.0005743516304623277,-0.0003053131318558714,4.2795080492327436e-05,0.999999787536316,0.41331546971327865,-0.001044114039955062,-0.0967560692222845,0.008344397690163903,0.0039365266937544715,-0.001453470987669681
3.81,1.2541651339649484,-0.00019390339373585256,0.8449289952065157,-0.00047565581362836565,-0.0002148860643717555,3.1091458304494186e-05,0.9999998633044144,0.4233898293961945,-0.001552283575579958,-0.10962030067885731,0.006579742416219666,0.00602863799838799,-0.0007787879449456008
3.84,1.2671455181897286,-0.0002743096417553974,0.8412590319724234,-0.000396902900985025,-8.101970338520237e-05,3.714788040532786e-05,0.9999999172619615,0.4326430771461691,-0.0026029347165087246,-0.12246244023665523,0.005250559426773063,0.008924068367069663,0.0004068780686199864
3.87,1.280285536038171,-0.00040784679645927994,0.8371976546213963,-0.0003262533628219637,0.0001010187159517919,7.244866574100335e-05,0.9999999390525747,0.4380028198134339,-0.004401344419823494,-0.1353736873702419,0.004710610922047274,0.01213478478471954,0.0023578206273121875
3.9,1.2932884535982907,-0.000619830134262125,0.8327517106184096,-0.00024213938217014736,0.0003024510409118321,0.00015093252829035975,0.9999999135556259,0.4334887680476894,-0.0070787526662904245,-0.1480272671034766,0.0056080422083602186,0.013426707833026567,0.00523720502516256
3.93,1.3055385205092358,-0.0009244275256162196,0.8279592045946501,-0.00010232877568999963,0.0004129672869817851,0.00027441572574801634,0.9999998718414173,0.4084454071170485,-0.010271976177047129,-0.1594615506389423,0.009319327884247629,0.007364349858997896,0.00823681601641824
3.96,1.315900597785942,-0.0012605290333431178,0.8229327945115378,0.0001530209245364301,0.00020111787779009127,0.00037110592864919855,0.9999998992082877,0.34549809568980405,-0.01143486481375558,-0.16733429756120946,0.017016774045489697,-0.014128624248328961,0.006451597180546153
3.99,1.3224975675244994,-0.0013151835331980317,0.8181143822111633,0.0003952604983718813,-0.0005148113340694367,0.0001519447363986866,0.9999997778255882,0.21984761019622168,-0.002024891203214422,-0.16068167493201574,0.016134532308773215,-0.04773684146549159,-0.014600191790643315
4.02,1.3233503451411675,-0.0012439628122303823,0.8182011365427297,0.0001157049984784208,-5.432391739122821e-05,0.0001496120845568538,0.9999999806387445,0.028428277326934176,0.002366925459954577,0.002874421091986046,-0.01863245091346475,0.03070193306909856,-0.0001580517600400736
4.05,1.3233503451411675,-0.0012439628122303823,0.8182011365427297,0.0001157049984784208,-5.432391739122821e-05,0.0001496120845568538,0.9999999806387445,0.028428277326934176,0.002366925459954577,0.002874421091986046,-0.01863245091346475,0.03070193306909856,-0.0001580517600400736
4.08,1.3305337891173463,-0.0030139909606731402,0.8188722160235319,-0.0017137610045355046,0.0026604854514870055,0.001561902044757319,0.9999937726318021,0.23928811613227124,-0.059446661047480906,0.022898688081337985,-0.12193241565449753,0.18101679006000043,0.09413860800400868
4.11,1.3404165795961234,-0.0025292186727334564,0.8226596363396079,-0.0007029173120811781,0.0009594826910281381,0.0008661832668535157,0.9999989175127972,0.3290052085467505,0.015053196487610124,0.127476932299002,0.06733607368170397,-0.11342624307791577,-0.04639658458309044
4.14,1.3525865367830536,-0.0019955082588313023,0.8266763017491419,-0.0001951120162630602,-4.739480153509549e-05,0.00027575657774605054,0.9999999418216702,0.4055630278027275,0.017206773601179413,0.1342745641168489,0.033833331128708156,-0.06712683257707833,-0.03937650786320107
4.17,1.3656377516123759,-0.0015192037316645048,0.8306316658611381,3.0491176403259265e-05,-0.0003031764537637088,-2.072855964420608e-05,0.9999999533623254,0.43509073412651195,0.015744174355670108,0.1316955588355259,0.015034573609438665,-0.01705240061722544,-0.019769715460649324
4.2,1.378785904446155,-0.0011258021618783356,0.8343010841967652,0.00015173918609085344,-0.00024241328304744274,-0.00012561375400781648,0.999999951216101,0.43833650442388733,0.013199795059863078,0.12207241406026761,0.00808099642919047,0.004050832183536156,-0.00699492015417876
4.23,1.3916937518188157,-0.000809502610173161,0.8375721283253758,0.00023853773293365405,-0.00013464218369650167,-0.00014378603021074186,0.9999999521484038,0.43029979905076443,0.010701756600635345,0.10886841932599234,0.005785373334346342,0.00718528268761749,-0.0012139779652014394
4.26,1.4042772583997682,-0.0005547412679794538,0.8404261585370985,0.00031788281260893003,-6.968432108828036e-05,-0.0001331647299506028,0.9999999381808818,0.41946727358036473,0.008661123335157573,0.09504386176541918,0.005289144626177727,0.004331453335284056,0.0007063413110833326
4.29,1.416568958238709,-0.0003469967637277565,0.8428812845226925,0.0004037705192442278,-5.4651328986072355e-05,-0.00011888558004277966,0.9999999099244054,0.40973173396056256,0.007087126811770605,0.08178153324674914,0.00572578023922161,0.001003264368868201,0.000951225434970607
4.32,1.4286394959238722,-0.00017524886006310242,0.8449547515777257,0.0005054956167522579,-7.536561505203322e-05,-0.00011017063634331566,0.9999998633283088,0.4023589095694591,0.005879910490215372,0.06905797963682689,0.006781869750426023,-0.0013799116199682336,0.000581182786459725
4.35,1.440561245997369,-3.1242065719518976e-05,0.8466466027006577,0.0006289545858449879,-0.00011896514340680929,-0.00010944416187152744,0.9999997891426773,0.39740154969276736,0.004951431469213818,0.056312279802101045,0.00823092321410951,-0.0029057039552458338,4.92800673913339e-05
4.38,1.4523968783810284,9.18471492994961e-05,0.8479336861646752,0.0007746020019512152,-0.00017750486739340595,-0.00011586993050015113,0.999999677528908,0.3945328396335478,0.0042519972143435225,0.042779953589110895,0.009710206572205981,-0.0039018550946156765,-0.00042708584356132464
4.41,1.4642005667632694,0.00019988976454048753,0.8487657682271329,0.0009300060777732649,-0.00024464505791240164,-0.0001260966542446368,0.9999995296684517,0.39346706348307564,0.0037437580610141926,0.02756370877555232,0.01036067368151373,-0.004475340694480366,-0.0006801543788023591
4.44,1.4760238433208925,0.0002949215349773985,0.8490599607973084,0.0010531132496673222,-0.00031005662931993776,-0.0001338906221658225,0.9999993884451486,0.39411375672219323,0.003289414436941187,0.009581402031466589,0.008207572477065578,-0.0043602200293030155,-0.0005175510993785605
4.47,1.487919389575121,0.0003629405688310505,0.8487010067598797,0.0010536358800425664,-0.0003522610379840565,-0.00012948280979414826,0.999999374498702,0.39650958774770184,0.0023462431130255434,-0.012232612700278953,3.5310812596958674e-05,-0.0028133116859830384,0.00029680611913594486
4.5,1.4999360246730735,0.0004061886803841383,0.8476871597568923,0.0009328345531542032,-0.0003628550657196736,-0.0001112369399203242,0.9999994928909919,0.4005298820269439,0.0014706021289280136,-0.03408422687700393,-0.008052905154570226,-0.0007060264415108082,0.0012199726456784184
4.53,1.5121201531345791,0.0004443959939166953,0.8461277499394301,0.0007826431623950437,-0.0003512135574722668,-8.665167021573791e-05,0.9999996283050336,0.4061001424181904,0.001264521838094368,-0.05227250109921039,-0.010012254371593202,0.0007765185788773292,0.001641927366778023
4.56,1.5245170854896029,0.0004838593766847781,0.8440974473321303,0.0006460463622432873,-0.00032041157939637364,-6.16463648607732e-05,0.9999997380800874,0.4131853388928805,0.0012798357100725145,-0.06795612859742071,-0.009106048173020392,0.0020539826117143105,0.0016686115565202016
4.59,1.5371668884909375,0.0005305443666982517,0.8416384881971932,0.0005360859739225357,-0.00026699463646911423,-4.135980448904989e-05,0.9999998198075134,0.4216117224982643,0.0015025565569666522,-0.08221478406381086,-0.007330480367504522,0.003561552177316926,0.0013524855272282073
4.62,1.550094066449167,0.0005944713238957738,0.8387691081426434,0.000452539832219493,-0.0001806349661507173,-3.1478945850550605e-05,0.9999998807938856,0.43086292194372194,0.0020676297081584872,-0.09584095403049869,-0.0055698062151876785,0.005757434185795091,0.0006571246378712388
4.65,1.5632831666218092,0.0006915732865147679,0.8354910589944421,0.0003889302561210359,-4.662792050975164e-05,-4.003168127914301e-05,0.9999999224782757,0.43961160016882384,0.003176181303565435,-0.10937091377801077,-0.004241023395822441,0.00893341099155797,-0.0005734591027233008
4.68,1.5766288390486918,0.00084468434882785,0.8317989082760039,0.00033334418135789074,0.00014479712711938926,-7.858602904773112e-05,0.99999993086984,0.4448672270826974,0.0050675940754324935,-0.12303169311349248,-0.003706368991683209,0.01276052095596046,-0.0025750802559298507
4.71,1.5898448110562826,0.0010819701509806536,0.8276944346292359,0.00026427677820522246,0.00037358155459785457,-0.00015978461153552453,0.9999998825317353,0.4406013809785857,0.007932848549367016,-0.13659214327705413,-0.004604906995759559,0.015250128418841869,-0.005418989750367639
4.74,1.6023135060085183,0.0014226487600652283,0.8232102917804249,0.00014219671006232505,0.0005418705692345389,-0.0002798662610694918,0.9999998039156096,0.41575481084604865,0.011478032881946659,-0.14909552762557648,-0.0081374709269442,0.0112158523030801,-0.008011448725640394
4.77,1.6128619797428756,0.00181140233093294,0.8184611296805675,-7.856811085086147e-05,0.00042730593446094434,-0.0003517251288903305,0.9999998437630498,0.3517608023015703,0.01317051261787977,-0.15796538908780383,-0.014712918984973053,-0.007642442526774257,-0.004797478575159405
4.8,1.6194934118748636,0.0019374069014224653,0.8139226665186986,-0.00023445906762060978,-0.00018032505459224328,-4.997854028445985e-05,0.9999999550069819,0.22108339576167038,0.0043362938398395,-0.151226178408604,-0.010387077018452751,-0.04051396861064856,0.0201088167599716
4.83,1.6198079582208718,0.0018963858976601671,0.8139559292233628,-9.22992634980891e-05,-2.5572437424497837e-06,-4.201940029002376e-05,0.9999999948543382,0.010485206584180368,-0.001366764148061199,0.0011063926013087644,0.009476823930303985,0.011851536694725724,0.0005316790665026473
