t[s],X,Y,Z,Qx,Qy,Qz,Qw,vx,vy,vz,wx,wy,wz,vxd,vyd,vzd,wxd,wyd,wzd
0.0,0.0,0.0,0.8793,0.0,0.0,0.0,1.0,0.0,0.0,0.0,0.0,0.0,0.0,0.3631144634323622,0.20706519604265772,1.2506189443218556,-0.37267616398251135,0.6988886183861354,0.05873836505142549
0.03,0.00032715204716709904,0.00018655606646716667,0.8804254229219834,-0.0001677042702218861,0.000314499871578396,2.643226371042693e-05,0.9999999361332199,0.010893433902970866,0.006211955881279731,0.037518568329655666,-0.01118028491947534,0.02096665855158406,0.0017621509515427646,0.17149398106269054,0.31080523340565946,-0.026933177006045028,-0.3693824112224995,-0.015044882740383514,0.13645417452318753
0.06,0.0008092652508948476,0.0006534441052768222,0.8815259766880982,-0.0005016110872740463,0.0006222353925051542,0.00011432230716378901,0.9999996740698687,0.016038253334851583,0.015536112883449514,0.036710573019474314,-0.022261757256150323,0.020515312069372554,0.005855776187238391,0.03681159986622973,0.3494663589099183,-0.025493610576194037,-0.34870342678594923,-0.06873089025419432,0.1114021566232104
0.09,0.0013248956430984339,0.00143584569470639,0.8826023986054564,-0.0009923995124134321,0.00089904905426077,0.00025245642198147225,0.9999990715594493,0.017142601330838475,0.026020103650747063,0.03594576470218849,-0.0327228600597288,0.018453385361746726,0.009197840885934703,-0.01041722256959332,0.36751019460716616,-0.03874863581709942,-0.3379067559294171,-0.052813787150668645,0.10160556399990028
0.12,0.001831167725702269,0.0025502929011994983,0.8836419363815518,-0.0016351982820024748,0.0011521031337498166,0.00043647317642922696,0.9999979041358606,0.016830084653750674,0.037045409488962046,0.03478330562767551,-0.04286006273761131,0.016868971747226666,0.012246007805931712,-0.024471695558611728,0.3854281766986194,-0.03333870373178183,-0.33689660133888566,-0.0466109837572759,0.09801701144086294
0.15,0.00231499859955928,0.004013177726136241,0.8846482678320985,-0.0024295391696500723,0.001384187542517631,0.000664806169859469,0.9999958696899837,0.016095933786992322,0.048608254789920625,0.033783144515722056,-0.05296696077777788,0.015470642234508388,0.015186518149157599,-0.023492627481379813,0.4105227117275323,-0.032072180300715125,-0.35675268494758683,-0.03578158003078613,0.0977663556685755
0.18,0.00277672015691723,0.005847324891777245,0.885620874187051,-0.0033843442843868184,0.0016001692334973135,0.000937394569959136,0.999992553454079,0.015391154962550927,0.06092393614174659,0.0328209791067006,-0.06366954132620548,0.014397194833584804,0.018119508819214862,-0.010490078967205108,0.4440409632456772,-0.040959517322424865,-0.3772796795174571,-0.036116190782344404,0.09679387621179103
0.21,0.0032273135581817316,0.008083073953013633,0.886549490623697,-0.004508834833889365,0.0017998850658771037,0.0012538653939737398,0.9999874292428701,0.015076452593534774,0.0742451650391169,0.031592193587027854,-0.07498793171172918,0.013313709110114471,0.02102332510556859,0.019960151559468287,0.4825925934814421,-0.021882175230486745,-0.44055395895954774,-0.019070425590790308,0.0982411610025764
0.24,0.0036933822179663184,0.01075554942394757,0.887448208524596,-0.005831474196415518,0.0019909670627656674,0.0016149375808573094,0.9999797107619041,0.015675257140318824,0.08872294284356017,0.030935728330113252,-0.08820455048051562,0.012741596342390762,0.023970559935645883,0.10630685551135066,0.5043999357025175,-0.06473224610340367,-0.4711262595625456,-0.033430709587229046,0.08666890657352866
0.27,0.004251506448374235,0.013884429085847801,0.888274477032192,-0.007366000889083106,0.002166886145059911,0.002015516152519116,0.9999684916686001,0.018864462805659343,0.1038549409146357,0.028993760947011143,-0.10233833826739198,0.01173867505477389,0.026570627132851743,0.19828792220998892,0.43743994924672513,0.33629172149395803,-0.9018161482391847,0.7271690989901245,0.09890558666422322
0.3,0.004985665420182033,0.01741610909402772,0.8893846766518289,-0.009306869527688652,0.0026695233167709997,0.002459062890746893,0.9999501031724308,0.02481310047195901,0.11697813939203745,0.039082512591829884,-0.12939282271456753,0.03355374802447762,0.02953779473277844,-0.11290901722510327,-0.9285484969932156,1.0019972688514063,-4.0753155031231785,-1.6828160935218648,0.496499327151227
0.33,0.0056237167521647115,0.02013906272846849,0.8913952814179603,-0.013078983821940436,0.0024124764195963054,0.003137941895115084,0.9999066323714296,0.021425829955205915,0.08912168448224099,0.06914243065737208,-0.2516522878082629,-0.01693073478117832,0.04443277454731525,0.07172832967849097,-0.24314498958944597,-0.046752810890033025,0.2529388618238997,-0.18490560190249283,0.004943762306794497
0.36,0.006322683026116304,0.02265821614110645,0.8933501573430928,-0.01673683273120693,0.0020725815496537387,0.0038198140806560785,0.9998504847507136,0.023577679845560643,0.08182733479455762,0.0677398463306711,-0.24406412195354588,-0.022477902838253103,0.04458108741651908,0.028533155296015522,-0.23475284994063395,-0.0989795578109387,0.44152275838818156,-0.047520417895384526,-0.06576342822019399
0.39,0.007043960192249889,0.024977954218660912,0.8952062325043487,-0.020195785387555003,0.0017115418408421986,0.0044719928964396865,0.9997845778749745,0.02443367450444111,0.0747847492963386,0.06477045959634294,-0.23081843920190043,-0.023903515375114637,0.04260818456991326,-0.013788139979238778,-0.22479904450913946,-0.09426814187457477,0.4144243800110914,-0.011689452721441285,-0.09960314912112267
0.42,0.00775018864646192,0.027105113758208094,0.8969712932656602,-0.023468101808577328,0.001345151408709281,0.005079094140725994,0.9997107789595446,0.024020030305063948,0.06804077796106442,0.061942415340105694,-0.21838570780156769,-0.024254198956757875,0.039620090096279585,-0.030655546122901,-0.212577132118152,-0.08719881591813472,0.3708680042924257,-0.013513850387880666,-0.10286935272868902
0.45,0.008426874168530022,0.029049034174631,0.8986545404572038,-0.026573358011475312,0.0009724283931935028,0.0056397818375316594,0.9996304836727615,0.023100363921376918,0.06166346399751986,0.05932645086256165,-0.2072596676727949,-0.024659614468394295,0.036534009514418916,-0.03257962741162146,-0.20039282675842607,-0.08254000207370105,0.3315619409317563,-0.0231299170098751,-0.09702460801014468
0.48,0.009072853610829533,0.03081929518146987,0.9002624915129555,-0.029529195029292472,0.0005889726041549396,0.006156901933227828,0.9995447825439229,0.022122975099028275,0.05565167919476708,0.05685025080035062,-0.19731280944484222,-0.025353511978690547,0.033623271274114575,-0.028998373776509823,-0.18835079588910508,-0.07857407986444986,0.3011232670988946,-0.029831428447970154,-0.08708850893329156
0.51,0.00969180543724715,0.03242558592253526,0.9018006338281971,-0.03234927080837079,0.00019177064493737273,0.006635112866961663,0.9994545828497807,0.02125302388573298,0.050001155318093925,0.054493028404417124,-0.1882791114318754,-0.02624845483212965,0.031010616006115828,-0.023904212449222584,-0.1764960234876054,-0.07568773079856683,0.27726123213980713,-0.033418203807066504,-0.07800490081400824
0.54,0.01028867441146965,0.03387756582757169,0.9032731447001566,-0.03504429595388418,-0.00022077054807745995,0.007078650353497822,0.9993606662715091,0.0205358975122563,0.04470627461346576,0.05222239648046012,-0.17996127446768118,-0.027251000946341645,0.02867046898169558,-0.018999051115637045,-0.16500584397208184,-0.07344900619431893,0.2594891489492568,-0.03403617114777546,-0.06997998132071359
0.57,0.010868162244401118,0.03518466859113175,0.9046833355586358,-0.03762225402745227,-0.0006488936389304564,0.007491227749062162,0.9992637421850904,0.01996592597878719,0.03975609929430331,0.050018926294630554,-0.17217659999920348,-0.02827208608077491,0.026571069542074173,-0.01462655217606823,-0.15403262644058113,-0.07195900348831774,0.24690607185438296,-0.03276732213807776,-0.06348246107293676
0.6,0.011434437402103866,0.03635591986517343,0.906033608868657,-0.040088804591180895,-0.001091989255955692,0.007875835621095156,0.9991644842162798,0.01952712941350514,0.03513512050108587,0.047860156189981025,-0.164769417843572,-0.029255105744917242,0.02466659570988607,-0.010781942581978399,-0.14365555490803583,-0.07111673945950514,0.23930916412453485,-0.03017178259965192,-0.05813067176802633
0.63,0.011991154499704533,0.03739984260235036,0.9073255882592065,-0.04244737331045831,-0.001548844647447107,0.008234919870950241,0.999063565382113,0.019203671136045788,0.030825453853844796,0.04572665400619587,-0.15759014291983595,-0.0301602592229068,0.022922675556845278,-0.007289131201169141,-0.13387728358801532,-0.07094358591841399,0.23644813707161916,-0.02680245087188382,-0.053792008441604366
0.66,0.012541624251389794,0.038324430769765966,0.9085601300964296,-0.04469926313226715,-0.0020178923932366506,0.008570450568592083,0.9989616866340636,0.018984997200010713,0.026809135346204337,0.04359834642864345,-0.15049669880768737,-0.030964332749063312,0.02130891530359715,-0.003987026606921518,-0.12464469037607007,-0.07141082087170769,0.2382755088274493,-0.022951047397469893,-0.050232502395999745
0.69,0.013088966874917484,0.03913718076957633,0.9097373718156676,-0.04684367510205199,-0.0024973384240107193,0.00888403381789134,0.9988596034212475,0.018865386401803068,0.023069794634922237,0.04145602180249222,-0.1433484335428639,-0.03165286417098741,0.019801940231717156,-0.0007325600701779678,-0.11586229781018265,-0.07252197953004202,0.24477301102282922,-0.018836955178208825,-0.04733953185238704
0.72,0.013636247036464797,0.039845161927862034,0.9108567435362438,-0.048877716203494695,-0.0029852590441974297,0.009176968970889602,0.9987581490669686,0.018843409599697727,0.019593925700616757,0.03928036241659096,-0.13600524321217902,-0.03221797282633367,0.018381754276145544,0.0025773644955648933,-0.1074007502808021,-0.07427457060075326,0.2560206039376496,-0.01457381071898567,-0.04501310560482352
0.75,0.014186570944890953,0.04045512032086698,0.9119169775855077,-0.050796363399821576,-0.0034796498979488334,0.009450298978188689,0.9986582565378227,0.018920730534564674,0.016371903192192696,0.03705212529856836,-0.12832462509404954,-0.03265518714790324,0.01703136110800084,0.006018810352468762,-0.09909712493623157,-0.07668076608561947,0.27216297275214174,-0.010235580083424622,-0.043208932864857275
0.78,0.014743157578523724,0.04097361379674614,0.9129160972831531,-0.052592398631701794,-0.003978457742349402,0.009704835501673933,0.998560978432485,0.019101294845138738,0.013398989444105749,0.03475170231599978,-0.1201597359114853,-0.03296225455040598,0.01573509312205512,0.009641829189991569,-0.09074985959599058,-0.07976173558435118,0.29343326722604957,-0.005856613237192221,-0.04190857148985572
0.81,0.015309385040870028,0.04140718294563906,0.913851389550918,-0.05425630408400927,-0.004479594470645547,0.00994117209002418,0.9984675056295015,0.019390549720838486,0.01067649365622603,0.03235885024846924,-0.11135673789470381,-0.03313795294752175,0.01447783597735945,0.013475563583126515,-0.08210863970184068,-0.08354970886130886,0.3201651974266184,-0.0014490265270410418,-0.04113332724561758
0.84,0.015888816603828675,0.04176256695100337,0.9147193585850484,-0.055776112125272115,-0.004980941547663356,0.010159679509418248,0.9983791847037646,0.019794816628332282,0.00821323446517081,0.029852358982629973,-0.10175178197190525,-0.03318142374333298,0.013243836159990922,0.017525643398544233,-0.07286069262182693,-0.08809786251843033,0.3528161243863934,0.0030022321230802618,-0.0409427858255782
0.87,0.01648520404742209,0.042046975747334195,0.915515650527965,-0.057137199468863434,-0.0054803425897915386,0.0103604838087212,0.9982975341335883,0.02032058593028861,0.006027413686516002,0.027209423107077062,-0.09116729824031344,-0.03309135677964057,0.012015552585223577,0.021774080283220698,-0.06262132253594288,-0.0934694777699292,0.3920320933151231,0.007546681437908376,-0.041449984747494284
0.9,0.017102468026998184,0.0422684284420532,0.9162349583068379,-0.0583219962147303,-0.005975580945198721,0.010543420288350676,0.998224260113187,0.02097380833878523,0.004148774010437716,0.024405338773979185,-0.07940633544085975,-0.03286495633650332,0.010772053042798747,0.026175073952680705,-0.05093933164414466,-0.09978279973648263,0.43870836260431645,0.012290917824913095,-0.04280837557585215
0.93,0.017744652398586212,0.042436149317589524,0.9168708681177467,-0.05930958256089231,-0.006464331515944679,0.010707968879248334,0.9981612721584552,0.02175906055736565,0.002620594061113376,0.021411854781884707,-0.06624508456273025,-0.03249622880175593,0.009487801775523183,0.030684536022418385,-0.03737013464221839,-0.10716955792437943,0.49416946821186514,0.017405356828327,-0.045194081888183746
0.96,0.018415880195038998,0.04256096225492492,0.9174156949583175,-0.060075092203576985,-0.006944082373704044,0.010853179355453433,0.9981107010320034,0.022679596638038202,0.0014994900218468245,0.018196768044153325,-0.05142000051637429,-0.031974068096906116,0.00813197931887767,0.03529430075765916,-0.02167421004773651,-0.1159137687133942,0.5601221324042882,0.023149010807308912,-0.04860939291019406
0.99,0.01912034788223553,0.042655494801440354,0.9178602092525566,-0.06058894408196351,-0.007412009733104568,0.01097767415722842,0.9980749133390974,0.023738425660767976,0.0008492637204147292,0.014719354982751499,-0.034616336544245646,-0.03127959777268685,0.006673697531571848,0.04018385110216549,-0.004268992446906594,-0.1261873749550606,0.6380057020898278,0.029532928983314832,-0.0527402079993351
1.02,0.019862499956508475,0.0427338240075858,0.9181935483496249,-0.06081619285927566,-0.007864956278147425,0.011079800138587611,0.9980564969868866,0.02494394119383294,0.0007211939470075314,0.010933733734099681,-0.015476165481550813,-0.030393609903187405,0.005091491291591796,0.045338825963368024,0.013149356106818999,-0.13768708112178896,0.7232782838390932,0.03612596891547426,-0.05640847054485931
1.05,0.02064704642845324,0.04281004791280018,0.9184037067854527,-0.06071856510481395,-0.00829961342698443,0.011158160206495614,0.9980580482764423,0.02630410597273398,0.0011156746302121013,0.006803121300446013,0.006222183033621983,-0.029309830835723177,0.0033992371752460167,0.0478994339575225,0.01564335517028681,-0.13601858290372348,0.7261905364701136,0.037219869738201794,-0.05545642134576667
1.08,0.021476439992431175,0.04288652556001324,0.9184920283900766,-0.06029474898012136,-0.008715420751547171,0.011213305442248842,0.9980795792258282,0.027741088991459655,0.0015849752853207056,0.0027225638133343086,0.02800789912772539,-0.028193234743577125,0.0017355445348730166,0.04779114142627172,0.0031818563194487837,-0.12155918977061386,0.646272198834211,0.03280905402444745,-0.050077371565606654
1.11,0.022350779218699816,0.04295380845357768,0.9184728614425403,-0.059580607083191066,-0.009114585504825403,0.011247597816882232,0.9981185135714212,0.029174823234247808,0.0016804309749041692,-0.000924211879784107,0.047396065092751724,-0.0272089631228437,0.00023322338790481706,0.04769158165017817,-0.009370626391749681,-0.10869481348986199,0.5730287719265306,0.028754024160548397,-0.04420124309076101
1.14,0.023270157203591078,0.04300233951427933,0.9183590846744886,-0.058608999102807736,-0.0094991119668053,0.011263606501201074,0.9981722713362635,0.030605570683753153,0.001399312183151679,-0.004185056284479967,0.06458692825054764,-0.02634634239802725,-0.0010928139048180133,0.047481756233000105,-0.020253995076584985,-0.09770781998304834,0.5108456107831785,0.025675219984162112,-0.038813959456007296
1.17,0.024234533173628975,0.04302393438675911,0.9181616403247116,-0.05740781657872264,-0.009870527336899308,0.011263672237249146,0.998238470994525,0.032030023370743156,0.0007916923308541294,-0.007116290883971417,0.079912296574043,-0.025576085798502384,-0.002257232688498232,0.04699788513583236,-0.028941194779182666,-0.08830211069987648,0.45821734206118947,0.023522058043475624,-0.034329870809962415
1.2,0.02524357653563953,0.043012242588271216,0.9178897327463853,-0.05600066017583345,-0.010229922452000067,0.011249723532377917,0.9983149395190588,0.03343995992481813,-7.654351252135054e-05,-0.009765354204967712,0.09365881683587868,-0.024870424057198116,-0.003287128812797104,0.0462474003279949,-0.03554716079181297,-0.08014917551871026,0.41331007776273054,0.022040662740145933,-0.030723029867623097
1.23,0.02629667522809591,0.042962655362139154,0.9175511386033263,-0.05440766410091869,-0.010578073392524536,0.011223293096508987,0.9983996935809094,0.03482738193465798,-0.0011429583362757396,-0.012169829470529019,0.1060581191687606,-0.02420920417499374,-0.0042088197088257975,0.045321054362979396,-0.04039273044436342,-0.0730420216755423,0.3747004864681429,0.02097227346236963,-0.027828051576157975
1.26,0.027393024113865027,0.04287202728477283,0.9171524374796785,-0.052646136015503574,-0.010915559624668272,0.011185597165159194,0.9984909200071758,0.03618701356554736,-0.002354740249606642,-0.014361090120795287,0.11729913376280487,-0.02358003597112265,-0.005043661256110537,0.044294893307016636,-0.043812161647732495,-0.06681498161770438,0.3413451044051641,0.020200160746984608,-0.025455097114033265
1.29,0.028531700355253653,0.04273838714699301,0.9166992088697061,-0.05073102673860616,-0.011242816085936889,0.011137622645217017,0.9985869593452126,0.03751586036475786,-0.0036691050990386165,-0.016365539569326418,0.1275394868949598,-0.022974031148713114,-0.005807314169531535,0.0432658610131984,-0.046057521234017074,-0.06135927495854787,0.31247988686121175,0.019487681707456517,-0.023474376783049422
1.32,0.02971175652143191,0.042560721172552676,0.9161961709012274,-0.048675273266738255,-0.01156023954588208,0.011080190375390223,0.9986862910921003,0.038813836195153814,-0.005050830736059129,-0.018206317818082855,0.13691388350079617,-0.022389400697489417,-0.006511545473023017,0.042227199590995745,-0.047338793880236096,-0.05655864563259705,0.2874555886687773,0.018990818091744188,-0.021745268509782534
1.35,0.03093221890196672,0.04233879498396218,0.9156473190881796,-0.046490092073139366,-0.011868118052218643,0.011014013900158538,0.9987875202517985,0.04008065218288369,-0.0064709945524662115,-0.019903077187060764,0.14553755116085948,-0.02181967615473709,-0.007163903528316493,0.04132736277284632,-0.04773113588252631,-0.05238618824385899,0.26581611137325467,0.018119287872774947,-0.020254508289418993
1.38,0.03219222449014935,0.04207309353011468,0.9150559756459081,-0.04418518112219258,-0.012166897881291208,0.010939717792543198,0.9988893627122899,0.04132047306606908,-0.007902928628942001,-0.021474662834376535,0.1535120345020571,-0.021276097518553843,-0.007771538776999063,0.040352514753705826,-0.047392818808154935,-0.04866888367462252,0.24706379904355913,0.017862317821954576,-0.018783406297934846
1.41,0.03349082996159933,0.04176469244631111,0.9144249686971724,-0.04176894944047742,-0.012456736701347358,0.010857913970567077,0.9989906357306858,0.04253104850868025,-0.009324713193186649,-0.022934729344615212,0.1609239484733639,-0.020740227983895205,-0.008335040965937108,0.03980813733041089,-0.04617432166180979,-0.045611369514787725,0.2309143816657837,0.015909155899525018,-0.017605711342227437
1.44,0.034827470628364283,0.04141539105609006,0.9137564641937128,-0.039248631808057106,-0.012738549107696884,0.010769123702719307,0.9990902362862435,0.04372529262859258,-0.010709942843040943,-0.024303070430058846,0.1678513799233374,-0.020262953306909453,-0.00886321230620393,0.03870458782373998,-0.04444398783324921,-0.04262682982895427,0.21700196215330436,0.016715328197117074,-0.015923929463923514
1.47,0.03620106505868115,0.04102741067813605,0.913052513854932,-0.03663047926728056,-0.013011990747733515,0.010674050768949886,0.9991871500002449,0.04488643026330478,-0.012043262478038419,-0.025581875324927474,0.17436143878793653,-0.01976149346099594,-0.009340930190121636,0.03907972359132472,-0.04151443189047299,-0.040895528409473414,0.2048990304077023,0.010688127499248523,-0.015351730765125637
1.5,0.03761186658644122,0.04060397684611939,0.9123140132273908,-0.0339198954078313,-0.013279801887805339,0.01057302199421394,0.999280390462683,0.04605882197104452,-0.013288695434752609,-0.026808741177211676,0.1805084097001676,-0.019440849636018484,-0.009801482113075405,0.036684081479966046,-0.03886577894115728,-0.03781211837734144,0.19504669447072587,0.017048358014109866,-0.01220599886057272
1.53,0.0390576051778938,0.040148081390842916,0.9115430527826522,-0.031121351764011783,-0.013539103121658139,0.010467328663326898,0.9993690955706482,0.047159344415443505,-0.014454668802987326,-0.02794310472853192,0.18635981053428938,-0.01892939889559519,-0.010167662078892586,0.03985086139426919,-0.03391989675403284,-0.03888088479990426,0.1848894878543561,-0.004209788895268574,-0.014799537304625687
1.56,0.04054107812960754,0.03966463928958654,0.9107380409375416,-0.02823929686560845,-0.013799523498829548,0.010356079803039112,0.9994522834407125,0.04835487025727158,-0.015472265705608312,-0.029109531272529045,0.19190649516992006,-0.019055692562453246,-0.010611648198031357,0.030641945084317612,-0.032780446917232364,-0.03227004275659251,0.1800050056300222,0.028491086624583772,-0.005289637676483494
1.59,0.0420538222153738,0.039155312090801246,0.9099042288619675,-0.02527614074275674,-0.014046239219273652,0.010243118319527572,0.9995293384388672,0.049274128609801106,-0.016455679113125284,-0.03007763255522682,0.19730664533882072,-0.018200959963715735,-0.010770337328325861,0.04329177493383707,-0.02534599978580232,-0.04263642022887559,0.1648672026434852,-0.051436649792327316,-0.02495133176046238
1.62,0.04360737228902521,0.03862701947373585,0.9090319248053401,-0.022238205059615945,-0.014315486657936886,0.010120468076231638,0.9995989721900432,0.05057288185781622,-0.017216059106699353,-0.031356725162093084,0.20225266141812528,-0.019744059457485554,-0.011518877281139732,0.0032105370860979754,-0.036345672387807504,-0.017089664886311695,0.17238044144035314,0.09807347772891895,0.013085134321514147
1.65,0.04516520354244229,0.03807064183924522,0.9081431391234928,-0.019123048279710706,-0.014539566115592553,0.01000373619380317,0.9996613603134948,0.05066919797039916,-0.018306429278333577,-0.031869415108682436,0.2074240746613359,-0.016801855125617986,-0.011126323251494307,0.0511897497622158,-0.024729812865478706,-0.06426448313444055,0.11845216906245071,-0.21204874228200232,-0.09068866955450972
1.68,0.04677156319823036,0.03749628940274398,0.907195969830728,-0.01595286768374502,-0.014859137153350707,0.009848708278605298,0.9997138165499994,0.05220489046326564,-0.01904832366429794,-0.03379734960271565,0.2109776397332094,-0.023163317394078054,-0.013846983338129597,-0.11514625046278493,-0.08663718928831649,0.045270314808274925,0.17907337480387753,0.42114308411573464,0.0767932161140692
1.71,0.048274889829715846,0.03684890813848673,0.9062856527027954,-0.012704341807631421,-0.01498774915432085,0.009726299213318081,0.9997596542060171,0.04875050294938209,-0.021647439342947432,-0.03243924015846741,0.21634984097732574,-0.010529024870606016,-0.011543186854707522,0.06908266401317587,-0.067155798423843,-0.15779086341818083,-0.13243425622930616,-0.7831971399817315,-0.3978336056830152
1.74,0.04984614403841914,0.036144623766415425,0.905233335984549,-0.009509151638189363,-0.01547141031158005,0.009428389954039816,0.9997906365639595,0.050822982869777364,-0.023662113295662722,-0.037172966061012835,0.21237681329044655,-0.034024939070057963,-0.023478195025197976,-0.5580612160872787,-0.2877142321598296,0.30030990850750516,0.2344410713621663,1.6047651819203157,0.3112262852793606
1.77,0.050911850547677835,0.03518242216973477,0.9044356755377326,-0.006217358907949632,-0.015230587195031899,0.009265167065559793,0.9998217492839169,0.034081146387159006,-0.03229354026045761,-0.028163668805787682,0.21941004543131154,0.014118016387551509,-0.014141406466817158,-0.5895630394758484,-1.3338161217215658,1.1266235042976591,-6.132867796213521,0.7850964513083203,0.11829967981464407
1.8,0.05143777356020426,0.03302479140646994,0.9046457035504569,-0.0056889070348954875,-0.014661684266662743,0.009110885982019102,0.9998348179113566,0.016394255202883554,-0.07230802391210459,0.0056350363231420925,0.03542401154490593,0.03767090992680112,-0.010592416072377837,-1.1252720390897988,3.344278641217355,-8.173172340094357,21.51899932790208,1.6623645189748562,6.897181609357739
1.83,0.05143777356020426,0.03302479140646994,0.9046457035504569,-0.0056889070348954875,-0.014661684266662743,0.009110885982019102,0.9998348179113566,0.016394255202883554,-0.07230802391210459,0.0056350363231420925,0.03542401154490593,0.03767090992680112,-0.010592416072377837,0.21305901285622042,-0.017321660861874477,0.25084268993831316,-0.34890118761970257,0.13313219348003713,-0.0503437791418726
1.86,0.05214866240794769,0.030857131105541894,0.9050844809296638,-0.005317645027336411,-0.014034432358779757,0.008931305732092528,0.9998474829380979,0.022786025588570166,-0.07282767373796081,0.013160317021291487,0.024956975916314857,0.04166487573120223,-0.012102729446634014,0.08016978854202428,-0.10046098590642671,-0.02338356367331329,0.14901064887897064,0.05177378712748748,-0.05131216690931595
1.89,0.05293357256442466,0.028599529930805584,0.9055024826570929,-0.004879219244057857,-0.013383401146871391,0.008729450267289125,0.99986042750543,0.025191119244830893,-0.07584150331515362,0.012458810111092088,0.029427295382683974,0.043218089345026856,-0.013642094453913492,0.029252607821758758,-0.206446857413205,0.010343979967050387,0.007510468104129586,0.0830740962665324,-0.027385222026268252
1.92,0.05374736677489257,0.026156017462961655,0.9059292184238296,-0.004437572287026894,-0.01269501326436968,0.008515130018100288,0.9998733105504866,0.026068697479483656,-0.08203490903754977,0.012769129510103599,0.02965260942580786,0.045710312233022826,-0.01446365111470154,0.02822093585392338,-0.2574056069246815,-0.0032012654587010303,0.10335317703901126,0.1024570089062884,-0.02770299655780306
1.95,0.054590031585771824,0.023480540108841808,0.9063522705032346,-0.0039496532155822136,-0.01196017507546325,0.0082887242640281,0.9998863192892059,0.026915325555101358,-0.08975707724529022,0.012673091546342568,0.0327532047369782,0.04878402250021148,-0.01529474101143563,0.03383829275268457,-0.32942033552348704,0.0066598507549766595,0.07854708420451573,0.14291308427984006,-0.03188186543433602
1.98,0.05546723225888553,0.02050836422255289,0.9067802758842253,-0.0034267499013944896,-0.011160786263403452,0.008048134590175001,0.9998994558277918,0.027930474337681893,-0.09963968731099483,0.012872887068991867,0.03510961726311367,0.05307141502860668,-0.016251196974465712,0.05998670502754955,-0.40882485203420416,0.005735330677604011,0.12333619022469122,0.1817408802237921,-0.03674558648601334
2.01,0.056403352446619995,0.01716829395755819,0.907212238928195,-0.0028488208852323104,-0.010279220317520212,0.007791341620326736,0.9999127546166131,0.02973007548850838,-0.11190443287202095,0.013044946989319987,0.03880970296985441,0.05852364143532045,-0.01735356456904611,0.10238487817231068,-0.5098394817112357,0.004196950147238532,0.12386676526337226,0.24625262189591623,-0.04639930767393352
2.04,0.05743756224269113,0.013369852222702695,0.9076463941951032,-0.002215801727629026,-0.00928646204948756,0.007513917789504783,0.9999261937186964,0.0328016218336777,-0.12719961732335802,0.013170855493737144,0.04252570592775558,0.06591122009219794,-0.018745543799264117,0.22645196705672,-0.6428789742125502,0.009516262645781204,0.16215616718568526,0.28675277017746836,-0.03514090471472997
2.07,0.05868265855510484,0.00899477357521392,0.90808765513467,-0.0015106368156042424,-0.008164146056490622,0.007221061031053981,0.9999394586539554,0.0395951808453793,-0.14648598654973452,0.01345634337311058,0.04739039094332614,0.07451380319752199,-0.019799770940706014,0.4699824044771761,-0.739771674109889,-0.030381117988333983,0.08316076736031164,0.36436386109062546,-0.06108886253490908
2.1,0.060358858402617344,0.0039585102866865896,0.9085002343603326,-0.0007690083173427272,-0.006877630757696605,0.006900758827662728,0.9999522420340738,0.053694652979694585,-0.1686791367730312,0.012544909833460561,0.049885213964135484,0.08544471903024076,-0.021632436816753288,1.035112196293312,-0.65286912469832,0.12667817290787475,0.1939332958740465,0.92097033125855,0.07110546151390196
2.13,0.0629712629264354,-0.0016542516350750705,0.9090256708983967,5.680807847592021e-05,-0.0051760517862072305,0.0066127135187140544,0.9999647380186304,0.08474801886849395,-0.1882652105139808,0.0163452550206968,0.05570321284035688,0.11307382896799725,-0.019499272971336228,-0.03235544522368805,1.856149285724035,1.2391648807783504,8.954493434316205,-2.390308627524849,-0.864801949632394
2.16,0.06551882720288564,-0.005607855085478386,0.9106360733392921,0.004921111465195847,-0.004523334286616968,0.005956226301757909,0.9999599219354348,0.08377735551178331,-0.13258073194225975,0.05352020144404731,0.32433801586984307,0.04136457014225178,-0.045443331460308045,0.03694974787069327,0.3361908435871719,-0.006097884295449774,-0.36807463311214406,-0.4132035375668508,-0.06049792189124048
2.19,0.06809303171537782,-0.009276985340938841,0.9122047541318763,0.009620904225091065,-0.004057295642254308,0.005270710926377982,0.9999315957405753,0.0848858479479041,-0.12249500663464459,0.05333726491518381,0.31329577687647875,0.028968464015246262,-0.04725826911704526,-0.044187709904791816,0.32929531662112943,-0.11765437423404101,-0.5130054184696036,-0.19169377162349477,0.01016601346555035
2.22,0.07062186978999145,-0.01266534562923928,0.9136382249973016,0.014090090357879654,-0.0036786856280384343,0.004587888854277441,0.9998834371573607,0.08356021665076035,-0.1126161471360107,0.04980763368816258,0.29790561432239065,0.023217650866541418,-0.04695328871307875,-0.10744824243143203,0.3077754526301,-0.06769273670301068,-0.5158674338547087,-0.13580177570096907,0.058480484915655495
2.25,0.07304869817840147,-0.015791329914710314,0.914987603339483,0.018327073755010425,-0.0033625429241674705,0.0039295749544462,0.9998186686161341,0.08033676937781739,-0.1033828835571077,0.04777685158707226,0.2824295913067494,0.019143597595512346,-0.04519887416560909,-0.12556792346826562,0.2870229038536056,-0.08445192363004317,-0.45211396478936194,-0.11694198209895745,0.0694800000482374
2.28,0.07535803689372995,-0.018671001298920346,0.9162433366952653,0.022360423408945753,-0.003100327590848777,0.0033008033395948004,0.9997397181922479,0.07656973167376942,-0.09477219644149953,0.04524329387817096,0.26886617236306853,0.015635338132543624,-0.04311447416416197,-0.1267969510042537,0.26675480113914496,-0.06913624808690066,-0.41735610201695295,-0.11939510987764379,0.06934974542313199
2.31,0.07754935961762163,-0.021321084265305334,0.9174239193995434,0.02620573676143775,-0.00289309409609859,0.00270139439589161,0.9996487342240069,0.0727658231436418,-0.08676955240732519,0.04316920643556394,0.25634548930255996,0.012053484836214311,-0.04103398180146801,-0.11842850131140992,0.24830009739152104,-0.07113193353431235,-0.37936423765764005,-0.11824238733712278,0.06276374703971044
2.34,0.07963078945050686,-0.023756262282611188,0.9185316142312825,0.02988007868218498,-0.0027402100891787766,0.0021282914977638293,0.9995474688687447,0.0692129681042995,-0.07932054948557955,0.04103524842953457,0.24496456217283075,0.008506213216100627,-0.039151069390276697,-0.10886871682607335,0.23066517163710998,-0.06548898766805422,-0.3549197651797442,-0.11676757434596396,0.05655621052082438
2.37,0.08161140428752205,-0.025991058534928804,0.9195748958085966,0.03339442566852764,-0.0026409115839365785,0.0015785912638765771,0.9994375147901426,0.0659469065995173,-0.07240059433646626,0.039070578799492946,0.23431696921743841,0.0050031859857217085,-0.037454383074651966,-0.09944105490694621,0.21399019758323234,-0.06455888394788722,-0.3343168618368111,-0.1118242161487153,0.050867788179630224
2.4,0.08350012010399721,-0.028039099041960558,0.9205574432813882,0.03675802910619223,-0.0025928753904661908,0.0010496716106687281,0.9993202802319923,0.06296367495230891,-0.06598088840896929,0.037133812281056326,0.22428746336233407,0.00164845950126025,-0.03592834942926306,-0.09150573953619556,0.1981684967974946,-0.062145891432306755,-0.3213501070830773,-0.10555092801877208,0.04666758825533179
2.43,0.08530444820261042,-0.02991349243687786,0.9214837715651067,0.03997671065729476,-0.0025931996209382162,0.0005396054243387615,0.9991971010500055,0.060218502766223043,-0.060035833505044454,0.035269435538087125,0.21464696014984175,-0.0015180683393029122,-0.03452832178160311,-0.0849048502210783,0.18320226735622036,-0.06134525020459769,-0.3134562566206114,-0.09784649694350378,0.0435198818778062
2.46,0.08703066135637179,-0.031626602867967826,0.9223565226851805,0.043054016748622255,-0.002638351959222974,4.697586483160508e-05,0.9990692611295859,0.057671357259590696,-0.05453976548435784,0.033429078031949194,0.2052432724512234,-0.004453463247608026,-0.033222725325268924,-0.07963413556022303,0.16903024663638,-0.060616111910395176,-0.31147702314932246,-0.08959665206647394,0.0414076318429224
2.49,0.08868379809867069,-0.03319016974463925,0.9231779043160628,0.04599084145776797,-0.0027245694930263476,-0.0004291438116415903,0.9989380536643266,0.05528233319278401,-0.049468858085266444,0.03161059467463734,0.19589896175674373,-0.007141362809602244,-0.03198049636998125,-0.0754439950151804,0.15556137259704528,-0.060725120935952503,-0.31469895199188613,-0.08096275530521346,0.04007390981373504
2.52,0.0902678969414956,-0.03461530524460103,0.9239490477694606,0.04878574847890487,-0.0028479270633379075,-0.0008893072662892388,0.9988048103555475,0.05301901334232859,-0.04480201690735509,0.029788841046558764,0.18645799319698714,-0.009570245468758648,-0.0307782790755692,-0.07219245194150314,0.1426797550252239,-0.06128328885639789,-0.3232948105487736,-0.0722477962974768,0.03943863231379652
2.55,0.09178612707346971,-0.0359126036572004,0.924670391186202,0.0514348942503551,-0.00300447189466669,-0.0013337382409291164,0.9986709397716516,0.0508532397840835,-0.040521624256598374,0.027950342380866827,0.17675914888052394,-0.011737679357682952,-0.029595120106155302,-0.06972753110184815,0.13023703800081243,-0.06247771829217719,-0.3370971736326709,-0.06351862780341833,0.03940073383804332
2.58,0.0932409298046563,-0.037092239437946914,0.925341535617656,0.05393210392304012,-0.003190251120790071,-0.0017623793120032825,0.9985379534516359,0.04876141385102806,-0.036614513116574,0.026076010832101513,0.1666462336715438,-0.013643238191785501,-0.028413098091014003,-0.06794952953949096,0.11805911888995624,-0.0642121288068882,-0.35621396265385386,-0.05484845464577681,0.03992921115959547
2.61,0.09463411064300027,-0.03816411606388318,0.9259613450145333,0.056268823312832575,-0.00340134321956508,-0.0021749103875627254,0.99840749203524,0.04672292796484333,-0.033072739549875316,0.024149646967894865,0.1559598147919282,-0.015288691831158805,-0.02721522175622614,-0.06677111544284386,0.10593402002514374,-0.06653957203044136,-0.38072854926821265,-0.04623790170763442,0.04100151214889536
2.64,0.0959669201277963,-0.03913803938258563,0.9265279021872632,0.05843408170587153,-0.003633856784756156,-0.002570762231264488,0.9982813452938053,0.04471979450155801,-0.029894718949121005,0.022153459806981624,0.1445379583138818,-0.016675828882387837,-0.025985176391759277,-0.06611772321511022,0.09360565531439669,-0.06945113279116022,-0.4108726896476753,-0.037697196538983846,0.04262708005961713
2.67,0.09724012187193361,-0.04002393987290074,0.9270385098775902,0.06041438763709696,-0.0038839340742844544,-0.0029491164123942233,0.9981614696705776,0.0427362628051047,-0.027086549289689104,0.020069925823246817,0.13221177762445155,-0.017806744778557353,-0.024706363989970764,-0.06591108550357383,0.08076105632287423,-0.07298800801400063,-0.4469667948430782,-0.02922601589119367,0.04482076597984985
2.7,0.09845406317140258,-0.040832144740064816,0.9274896362205781,0.06219358442831384,-0.00414774966215324,-0.0033089030503483936,0.9980500014474734,0.040758930239997486,-0.024663717600002875,0.017880285582826796,0.11880277377915921,-0.018683525255293165,-0.023361741010575268,-0.06604806310676015,0.06702092405734206,-0.077197456697494,-0.48952743344136707,-0.020888276358677516,0.04762361522298164
2.73,0.09960876687114265,-0.041573713025612705,0.9278768443216908,0.06375261692395195,-0.004421538151074983,-0.003648789263583448,0.9979492673340846,0.03877748834679468,-0.022653089878282615,0.015564361881901977,0.1041169507759182,-0.01931017354605349,-0.021933032553885817,-0.06639967619385079,0.051954679679173665,-0.0821763388033947,-0.5392982991380961,-0.012781287022353816,0.05105485673666266
2.76,0.10070404577256946,-0.04226081638158685,0.9281946707770855,0.06506919545466247,-0.00470163558371617,-0.0039671793643960875,0.9978617919900589,0.03678549806097916,-0.021094449487907403,0.013099071717800136,0.08793800180177533,-0.019693612156724105,-0.020401386851785937,-0.06676810697567737,0.03513830966372211,-0.08808946132253759,-0.5974548064135661,-0.005223644926316773,0.055159797688126844
2.79,0.10173967905114568,-0.04290711317882188,0.9284364474015103,0.06611726452470944,-0.00498461970439943,-0.0042622113503105775,0.9977903058521752,0.03478245485170884,-0.02004030019799574,0.010456387878124009,0.07001435760936835,-0.01985032150451361,-0.01874659292114213,-0.06696421202204839,0.016377576004359184,-0.09519578294254494,-0.6654998738441549,0.0014745585105790937,0.05983750318623038
2.82,0.10271558336441534,-0.04352791538473981,0.9285940742017059,0.06686632344551259,-0.00526744071931608,-0.004531820651783074,0.9977377468346723,0.032773528491047386,-0.019548972917864962,0.00760051438984766,0.0500493613940437,-0.019806084749196234,-0.01695146782555522,-0.06672830553900377,-0.003921494288572802,-0.10379854425377744,-0.744757049236938,0.006724625377700022,0.06506947841201338
2.85,0.10363205360587621,-0.04413982815375987,0.9286578409728798,0.06728082509755856,-0.005547678947904488,-0.004773775614382562,0.997707234061609,0.030771679324877274,-0.019666617746522147,0.004486558062234337,0.027706649916935562,-0.019604345987865233,-0.014999383473194818,-0.06595817714339924,-0.024044861191459432,-0.11351260431991861,-0.8309157050358493,0.01191826535068774,0.07051230092026728
2.88,0.10448986780145826,-0.044759323046603294,0.9286170389601741,0.0673221070265129,-0.005822914947835993,-0.004985785270960059,0.9977018439956161,0.028792934010575297,-0.02038796358226593,0.0010811799326367793,0.002779178765860084,-0.0192467980273446,-0.0128840144455868,-0.06314830846596786,-0.028506079857113065,-0.1134098847746543,-0.8314066103701947,0.014300751464054517,0.06990751351165869
2.91,0.1052916523956191,-0.045390329939810736,0.9284716420046663,0.0669899533105864,-0.00609198190632451,-0.00516815329982285,0.9977216666502577,0.02689848475659626,-0.02124314597797932,-0.0023211166106028498,-0.022163019545245757,-0.018817775483422967,-0.01078678904023704,-0.058332885266975776,-0.017333471053682104,-0.10337804344888646,-0.7462119652200556,0.013433930099902014,0.06352236180815396
2.94,0.10604184848432184,-0.04602428353697235,0.9282323832448025,0.0663226010609557,-0.00635519451968498,-0.005323640115834583,0.9977637911585303,0.02514849819858699,-0.021763150109589784,-0.005422457914069444,-0.044549378501847425,-0.018414757580425906,-0.00888111818599242,-0.0531564128631099,-0.00585054582668576,-0.09418978183070514,-0.667332388601821,0.012332154340880752,0.057379507638113836
2.97,0.10674522316415493,-0.046652408144536126,0.9279092265556127,0.06535543447477775,-0.006612978899416985,-0.005454900131014188,0.9978252250565975,0.02355380581269369,-0.021938666484390357,-0.008248151368990597,-0.06456935015990206,-0.018044792950199482,-0.007159732956849005,-0.04785709359041057,0.004226701547853651,-0.08632150190457111,-0.5987245881280785,0.010173552903749439,0.05153543760260959
3.0,0.10740664625629343,-0.04726713216295031,0.9275107089416821,0.06411921349271892,-0.006866232367723954,-0.005564494950305866,0.9979031103820127,0.022118093004981375,-0.02181186543795475,-0.01083779642612773,-0.08253108780374441,-0.017739586363087,-0.005613669828770717,-0.04262788895037373,0.01233026201837717,-0.07948940756738665,-0.5392028931230612,0.007401528579712213,0.04616692520869847
3.03,0.10803090851606503,-0.04786258774081384,0.9270441168073651,0.0626406118598263,-0.007116130707891678,-0.005654799898952072,0.9979947583367749,0.020839256336470165,-0.021441957577403435,-0.013222478653149329,-0.09870717459743625,-0.017517540505695633,-0.004228662072509763,-0.03765035055569044,0.018509771439767064,-0.07347193636368132,-0.4871322203317874,0.004484645053185243,0.04132858631741243
3.06,0.10862255646036356,-0.04843456369802622,0.926515692117384,0.060942956004519336,-0.007363921782766012,-0.005727963011855433,0.9980976501370712,0.01970974581979945,-0.020886664434210424,-0.01542663674405977,-0.11332114120738987,-0.017383001154100075,-0.0029888044829873904,-0.033049832412977764,0.023026255944706975,-0.06810665810177952,-0.4412824765818044,0.001672130476706446,0.03702273012191526
3.09,0.10918578069846603,-0.04898027125757931,0.9259308176031551,0.05904678066981222,-0.007610815265138076,-0.005785895046721147,0.9982094352399397,0.01871825084741012,-0.020195876755869216,-0.017469836487113154,-0.12655961550484401,-0.017332837239798882,-0.0018781225793299326,-0.02890075204048026,0.02617598069701188,-0.0632925191772955,-0.4007136830665843,-0.0008877588772326916,0.03320000785311805
3.12,0.10972435142144808,-0.049498077337265516,0.9252941544033692,0.05697025339806314,-0.007857915657218842,-0.005830286490780771,0.9983279276614072,0.017851228286195713,-0.01941059733495886,-0.019368612062432018,-0.13858102599684155,-0.017359470006115863,-0.0008821223437363911,-0.025212124774994127,0.028177102213536642,-0.05898024740410257,-0.3648013859117185,-0.0032241208528405174,0.029828325910685294
3.15,0.11024161283022617,-0.04998730691048271,0.9246097263388088,0.054729456173125246,-0.008106234762959748,-0.0058626225936965065,0.9984511030798081,0.01709486454294589,-0.01856528426855276,-0.021138019484555095,-0.1495250675741931,-0.01745619363170108,1.272743358416773e-05,-0.021999614562843384,0.02924534389996225,-0.05509038820687451,-0.3328878362070071,-0.005232204869749957,0.026834047850798015
3.18,0.11074047110687883,-0.050448053639398575,0.9238810302225701,0.05233868205294429,-0.008356643186623509,-0.005884213321909382,0.9985770901183316,0.01643487610606059,-0.017687923951553892,-0.02279073113076133,-0.15951170266040332,-0.017613159777793576,0.0008177488691081082,-0.01918840184873405,0.02941663601002631,-0.05166363085309378,-0.30475089523865506,-0.0071852633378646225,0.024229078278178662
3.21,0.11122346388303293,-0.050881143013902196,0.9231110215059817,0.049810534427983603,-0.008609992796091133,-0.0058961956392736365,0.9987041671891798,0.01585922405059857,-0.016805424871253104,-0.024340640056354144,-0.16865422951756298,-0.017828717677929515,0.001544621217453468,-0.016838139677055608,0.02892652863116041,-0.04852118608369693,-0.2795691175952584,-0.008657934364289854,0.021868004595425816
3.24,0.11169270712178005,-0.05128793792346298,0.9223023127244785,0.047156297762245315,-0.00886692323987748,-0.005899587278924345,0.9988307444825449,0.0153540798602869,-0.01593762901231829,-0.02579627563886505,-0.17704130304542073,-0.01808845570885821,0.002200661355316242,-0.0147178626973683,0.02748274515015936,-0.04596642822698449,-0.2578757917470966,-0.010653811621203602,0.01993741292118756
3.27,0.11215010615231553,-0.05167057854964431,0.9214568970291958,0.04438569425792789,-0.009128314724939064,-0.005895228700377617,0.998955369520628,0.014912543979365851,-0.01511314665781351,-0.027175268485674586,-0.18477757679783363,-0.01840807005749432,0.002798783742951869,-0.013159149596391195,0.025766238058961832,-0.04332725742875532,-0.23771265720441193,-0.011342419535118609,0.017953838626674212
3.3,0.11259705372816925,-0.05203142815014051,0.9205768200345749,0.04150777046153394,-0.0093944593072493,-0.005883954815138855,0.9990766878480203,0.014517769491474115,-0.014340159516044655,-0.028475086208537247,-0.191908956513966,-0.01874834264354788,0.003337398901752095,-0.011369325597125002,0.02249005012418337,-0.0419717383294973,-0.22209046170787872,-0.014601462072252325,0.016860921255215544
3.33,0.11303515541799719,-0.052374133445378016,0.9196628832552248,0.03852952913947988,-0.009666813950192402,-0.005866261180562065,0.9991934823006522,0.014176689723560365,-0.013665458012319154,-0.029734238358422167,-0.19857167036520237,-0.01918638650571545,0.003843226539408561,-0.010796218917346945,0.020381718926541836,-0.039076162357055466,-0.20445506547297043,-0.012908333450234899,0.014634961871742291
3.36,0.11346490464840114,-0.05270137442297941,0.9187173706684539,0.035458903975217566,-0.009944597339181025,-0.005843046141502545,0.9993045731529633,0.013852803156039957,-0.0130540064445229,-0.03090652322913383,-0.20470532232939148,-0.019573636509222496,0.00428227539556083,-0.008455467088552826,0.014432024988316527,-0.040483384373954934,-0.19690329697695574,-0.02166116320979583,0.015667969818473182
3.39,0.11388842660895407,-0.05301900318556183,0.9177385313949888,0.03229925987877842,-0.01023175626660582,-0.005813954972280244,0.999408958786424,0.013599139143383373,-0.012621045694873403,-0.03212102476035248,-0.21061242123870016,-0.02022347140551637,0.0047523144901150255,-0.010319268551479688,0.015736918163156588,-0.03413598018849662,-0.17513212484763585,-0.01029305555726534,0.010832384823039831
3.42,0.11430398939324035,-0.0533267735837957,0.9167319990723154,0.0290604428104824,-0.01052313784150234,-0.0057808880192759485,0.9995055455410621,0.013289561086838982,-0.012148938149978705,-0.033145104166007376,-0.21586638498412924,-0.02053226307223433,0.005077286034806221,-0.0047638363215321,0.0045764250986817245,-0.04482232118633078,-0.1853706959005592,-0.040573469011006225,0.02049936974253086
3.45,0.11471674698141483,-0.053634783276158914,0.9156876096370201,0.02573773225904955,-0.010832439902181672,-0.005739946511116481,0.9995935576012765,0.01314664599719302,-0.012011645397018253,-0.0344897738015973,-0.221427505861146,-0.021749467142564517,0.005692267127082146,-0.01614206205520219,0.025375944998817346,-0.02102444243421786,-0.1348508635648784,0.011627453027494461,0.0026283544544085657
3.48,0.1151162488191577,-0.05392590599481235,0.9146274388086124,0.022354088990908915,-0.011136070931619828,-0.0056982802701417866,0.9996718522753131,0.012662384135536954,-0.011250367047053733,-0.03512050707462383,-0.22547303176809236,-0.021400643551739682,0.005771117760714403,0.0016837303819379201,-0.0006278564059591929,-0.06783424206634692,-0.19640894016950483,-0.10238068361936925,0.0523139365491474
3.51,0.11551930962814257,-0.054222363842413565,0.9135085639468361,0.01888130121573233,-0.011485648444921783,-0.005635027024660457,0.999739877575478,0.012712896046995091,-0.01126920273923251,-0.03715553433661424,-0.2313652999731775,-0.02447206406032076,0.007340535857188825,-0.04864003383263871,0.09925072822418457,0.03340834907972123,-0.021178426718890364,0.122381757258621,-0.02423385892119967
3.54,0.11587955389642983,-0.054437842067532896,0.9124241286187126,0.015399190811870663,-0.011779768820379006,-0.0055816770215462224,0.9997964527095028,0.011253695032015931,-0.008291680892506972,-0.036153283864222605,-0.23200065277474421,-0.02080061134256213,0.006613520089552835,0.023450637146020803,0.017061222369573414,-0.1625534981115564,-0.19182135265390343,-0.3156653304581827,0.21249061927809265
3.57,0.11626536713908094,-0.05464185883922553,0.9111962132812885,0.011828665848598013,-0.012216751699702407,-0.0054358599055818165,0.9998406298351937,0.011957214146396555,-0.00777984422141977,-0.0410298888075693,-0.23775529335436132,-0.03027057125630761,0.012988238667895615,-0.1497146355028418,0.3850048732842275,0.28246251889372864,0.4744278860815285,0.6938982145829558,-0.14537569437836595
3.6,0.11651454075654055,-0.05451155388850476,0.9102278167474246,0.008473951209487749,-0.012341769476403341,-0.00534908365236423,0.999873622104899,0.0074657750813113015,0.0037703019771070543,-0.032556013240757437,-0.22352245677191546,-0.009453624818818937,0.008626967836544637,-0.046825123969443716,1.3981319758136284,1.1776643929926927,6.797200303273243,0.5949929507493881,-0.13708619143861966
3.63,0.11670855581268223,-0.05314373897138151,0.9103384616952145,0.008179729158631738,-0.01221484295141292,-0.005283938637519195,0.9998779773727585,0.00606102136222799,0.0457142612515159,0.002773918549023341,-0.019606447673718164,0.008396163703662706,0.004514382093386047,-1.0862850791233214,-4.470858700650699,-7.752454956530287,-28.274539188797263,1.05248028671791,-8.17241926083261
3.66,0.11670855581268223,-0.05314373897138151,0.9103384616952145,0.008179729158631738,-0.01221484295141292,-0.005283938637519195,0.9998779773727585,0.00606102136222799,0.0457142612515159,0.002773918549023341,-0.019606447673718164,0.008396163703662706,0.004514382093386047,0.06938357437260168,-0.37629533109275415,0.027927263930942914,0.33154099858111685,0.12991849077537898,-0.041396748334927125
3.69,0.11696076981278987,-0.05211552999855863,0.9104695444724656,0.008035218137373469,-0.012030095187807711,-0.0052351188627319176,0.9998816458010169,0.008142528593406041,0.03442540131873327,0.0036117364669516283,-0.009660217716284659,0.012293718426924075,0.0032724796433382334,0.04618313891834891,-0.34521724341640825,-0.03229732681359465,-0.006815771752847866,0.042716276069343806,-0.013516144453662449
3.72,0.11725200707010766,-0.05139788122914671,0.9105671768556886,0.007887813690785162,-0.011826061708947332,-0.005192262754021941,0.9998854769758029,0.009528022760956508,0.02406888401624102,0.002642816662543789,-0.009864690868870095,0.01357520670900439,0.00286699530972836,0.0347697847744084,-0.2737880400243222,-0.008459592379942649,0.14113303186257653,0.05000525731235683,-0.028626532799737703
3.75,0.1175721887535834,-0.050926765242269884,0.9106537425968846,0.007804180524663505,-0.011599755855419764,-0.005161358220668595,0.9998889442391845,0.01057111630418876,0.015855242815511355,0.0023890288911455095,-0.005630699912992799,0.015075364428375095,0.002008199325736229,0.033547880902596194,-0.2616947080271981,-0.016513150002638532,0.05565500844124571,0.055026361777335886,-0.02272642247627843
3.78,0.11792052797269291,-0.05069119112362726,0.9107222337662565,0.007745835273219674,-0.011348739610986034,-0.005140195357236607,0.9998923874781984,0.011577552731266646,0.008004401574695412,0.0018936343910663535,-0.003961049659755428,0.01672615528169517,0.001326406651447876,0.03460497868084644,-0.2466629155718092,-0.01015199215049467,0.09249109962193458,0.06200807015215304,-0.025633161012223127
3.81,0.11829799462416336,-0.05067774316633577,0.910778624873203,0.007729380312656333,-0.011069946508322343,-0.005129877319459924,0.9998956932215343,0.012615702091692039,0.000604514107541137,0.0015890746265515134,-0.0011863166710973905,0.01858639738625976,0.0005574118210811822,0.035492632323568696,-0.25441745333461885,-0.012394489160080013,0.07384467768952518,0.0700328914242121,-0.025410593516600244
3.84,0.1187053622430412,-0.050893387941996326,0.9108207685018184,0.007746439564778473,-0.010759723009078832,-0.005130380962554335,0.9998989450069522,0.013680481061399099,-0.007028009492497428,0.0012172399517491128,0.0010290236595883648,0.020687384128986123,-0.0002049059844168251,0.031207553056406212,-0.27074677062075114,-0.01130320302692489,0.08784663778856583,0.07979715343270799,-0.02841005924300788
3.87,0.11913858810560642,-0.05135280473937906,0.9108492360488193,0.00780334674070916,-0.010413697014261805,-0.005142963769401269,0.9999021015168464,0.014616707653091286,-0.015150412611119962,0.0008781438609413661,0.0036644227932453397,0.023081298731967362,-0.0010572077617070615,0.009981589074598674,-0.30294910460903557,-0.011964079905251168,0.09187323031074257,0.09574852774728271,-0.03233965316765719
3.9,0.11957825457415848,-0.0520847719019908,0.9108624203551468,0.007901964852739475,-0.010024685984472719,-0.005169330507877665,0.9999051668255741,0.014916155325329247,-0.02423888574939103,0.000519221463783831,0.006420619702567617,0.025953754564385843,-0.002027397356736777,-0.058838763969121466,-0.34988325466269976,-0.011064201624641612,0.10633343774750514,0.11686180870144547,-0.034341322622527315
3.93,0.11996192440183139,-0.05313089011151252,0.9108590137203413,0.008048853731492169,-0.009583215468075492,-0.00521025316453631,0.9999081113766719,0.013150992406255602,-0.034735383389272026,0.00018729541504458272,0.00961062283499277,0.029459608825429206,-0.0030576370354125967,-0.24534536190246614,-0.4096485305725198,-0.02476318702785285,0.13985025460087797,0.03156635327916257,-0.029609729269202134
