t[s],Fx_FL_SupportCenter,Fy_FL_SupportCenter,Fz_FL_SupportCenter,Tx_FL_SupportCenter,Ty_FL_SupportCenter,Tz_FL_SupportCenter,Fx_FR_SupportCenter,Fy_FR_SupportCenter,Fz_FR_SupportCenter,Tx_FR_SupportCenter,Ty_FR_SupportCenter,Tz_FR_SupportCenter
0.0,44.95236307019816,9.821566419285508,134.09612124601418,-4.526478516754972,34.400597187203445,-0.20460301573435533,36.1444760468577,9.70323907535734,74.24771643561705,-4.433509559399867,31.495592474176938,0.6038039792239684
0.03,0.0,0.0,0.0,0.0,0.0,0.0,32.036388417162456,-13.155451332647345,252.28053082217733,-19.915245658904063,20.23909201673594,6.77407052952579
0.06,0.0,0.0,0.0,0.0,0.0,0.0,3.567468460367337,-3.7115994905790988,220.07179930715986,-20.586907338429906,3.8411825930234977,0.7205341588271725
0.09,0.0,0.0,0.0,0.0,0.0,0.0,-8.795775617283828,-2.290912815450529,221.74851208923675,-21.793128281942625,-5.032125241447243,-1.2443855195728277
0.12,0.0,0.0,0.0,0.0,0.0,0.0,-12.281302086057734,-1.4208554476099367,222.80956690009677,-22.990119670968657,-8.93715929424776,-1.7019453213826852
0.15,0.0,0.0,0.0,0.0,0.0,0.0,-11.934049272810714,-0.6956836713561511,223.21391804792918,-23.850845369034342,-9.946687478910567,-1.6182172446288052
0.18,0.0,0.0,0.0,0.0,0.0,0.0,-10.132222541095018,-0.14794448969207177,223.18286609439295,-24.376613258460907,-9.493469671686318,-1.3788008721614498
0.21,0.0,0.0,0.0,0.0,0.0,0.0,-7.942582368222349,0.1916947318307689,222.8762943334182,-24.637349951041525,-8.44347143598318,-1.123743935060557
0.24,0.0,0.0,0.0,0.0,0.0,0.0,-5.82389391882084,0.34011058033811187,222.38263772177223,-24.69769248241128,-7.257464347416343,-0.9006022044464773
0.27,0.0,0.0,0.0,0.0,0.0,0.0,-3.9482693257102803,0.331550012377956,221.7359397525903,-24.60035890650237,-6.1445292244860905,-0.7228763011285464
0.3,0.0,0.0,0.0,0.0,0.0,0.0,-2.3578876112484384,0.20513857450887224,220.9245085848495,-24.3671281607013,-5.177982742705071,-0.5914707908203275
0.33,0.0,0.0,0.0,0.0,0.0,0.0,-1.0534108368974735,0.026289964713395293,219.88213362049694,-24.010641957710664,-4.37635117083226,-0.5023870012776294
0.36,0.0,0.0,0.0,0.0,0.0,0.0,-0.03969534732659657,-0.07292772791081928,218.4710283102837,-23.567494402898912,-3.762330606616734,-0.44684099289781815
0.39,0.0,0.0,0.0,0.0,0.0,0.0,0.6866333451887752,0.08215918130279742,216.53670262440932,-23.19561047466221,-3.4138618729423897,-0.40991026732194946
0.42,0.0,0.0,0.0,0.0,0.0,0.0,1.1873794345352813,-0.11854131490731584,217.32278130208078,-23.37007897409744,-3.5077058469555586,-0.3282866335319138
0.45,0.0,0.0,0.0,0.0,0.0,0.0,1.498765194194793,-0.06561660117557297,217.7546679267781,-23.64115491316787,-3.8427228990797664,-0.24767772128952822
0.48,0.0,0.0,0.0,0.0,0.0,0.0,1.683856047441467,0.07131845673025493,217.97290752639896,-23.85632508380722,-4.294632463849636,-0.17230289390975148
0.51,0.0,0.0,0.0,0.0,0.0,0.0,1.7962064763976,0.1764584625738577,218.09396849004264,-23.9904767745478,-4.810758234640293,-0.1059169571543265
0.54,0.0,0.0,0.0,0.0,0.0,0.0,1.830066147555903,0.22008136200127815,218.17631177205794,-24.058449578029826,-5.400996037858371,-0.05287095237326854
0.57,0.0,0.0,0.0,0.0,0.0,0.0,1.6941671496821478,0.22453815821922762,218.24648170630175,-24.088889130476918,-6.1425626630121135,-0.023974883705407502
0.6,0.0,0.0,0.0,0.0,0.0,0.0,1.1826673125441884,0.24720463066759935,218.31770019403743,-24.12033749819175,-7.198506896923636,-0.04171734157690428
0.63,0.0,0.0,0.0,0.0,0.0,0.0,-0.06744108452298726,0.38758878974314653,218.3972506196839,-24.209841062255958,-8.847894711633469,-0.1455912670288102
0.66,0.0,0.0,0.0,0.0,0.0,0.0,-2.628076208443502,0.7918951808010113,218.50166674979994,-24.462081771469112,-11.521164358559078,-0.40164688536608106
0.69,0.0,0.0,0.0,0.0,0.0,0.0,-7.320473550643089,1.5734893727778323,218.74516274198172,-25.116295864751276,-15.822439473250082,-0.9294881941141481
0.72,0.0,0.0,0.0,0.0,0.0,0.0,-15.23720916192529,2.4094336372509115,220.21216037416673,-26.76287473795599,-22.5081649016485,-1.9593204183018957
0.75,0.0,0.0,0.0,0.0,0.0,0.0,-33.42269553943147,-4.683981724738266,286.7142763117599,-29.07832783220086,-34.24074924173336,-2.2069738007566455
0.78,0.0,0.0,0.0,0.0,0.0,0.0,19.591183847638256,0.9550010946829282,66.80903493336766,-0.07610152149424851,3.8343957514907085,0.04360341579570675
0.81,16.19465985487349,-12.077946023793118,53.89896910221652,3.607844327190671,14.829674468308049,0.47564529070832196,27.75310072699082,-11.919302212670088,157.4924235373136,3.6329142843077022,15.357433492066123,0.31552215374758996
0.84,47.84670026589964,17.63779719850743,291.2771809414973,22.681746415145646,36.293842734508445,-12.317074721853128,0.0,0.0,0.0,0.0,0.0,0.0
0.87,20.138563714288424,2.678357007665822,217.6099925030633,21.485066072652575,23.380673368928207,-3.0029749660038068,0.0,0.0,0.0,0.0,0.0,0.0
0.9,3.9652271548475952,1.8374699909857521,218.3069971796122,21.60932113729159,13.38648321073138,-0.1623639009266645,0.0,0.0,0.0,0.0,0.0,0.0
0.93,-2.0516734543635775,1.470794468228238,219.1191131377069,22.422127748865908,7.537513528280308,0.6283676644779073,0.0,0.0,0.0,0.0,0.0,0.0
0.96,-3.868457057890286,0.9311761837600753,219.48174575853383,23.184293673129048,4.416907064471001,0.7817514255500774,0.0,0.0,0.0,0.0,0.0,0.0
0.99,-4.0415925497888665,0.38704800138675355,219.55794495678444,23.728762387950763,2.832864056876112,0.7627956016586217,0.0,0.0,0.0,0.0,0.0,0.0
1.02,-3.6004318978525265,-0.014393498140807058,219.43253787504108,24.05217629955226,2.00712809101683,0.7052914293713536,0.0,0.0,0.0,0.0,0.0,0.0
1.05,-2.972318663522794,-0.23413714840267685,219.1406868461974,24.185502483137807,1.5047667086259136,0.6478240727843941,0.0,0.0,0.0,0.0,0.0,0.0
1.08,-2.3309363538485206,-0.2859187048688819,218.68447676695234,24.155565918123283,1.11850695246037,0.603094689337465,0.0,0.0,0.0,0.0,0.0,0.0
1.11,-1.7264924825540489,-0.20164534030316006,218.03261817454097,23.975696647399072,0.7744364179990028,0.5741392971423829,0.0,0.0,0.0,0.0,0.0,0.0
1.14,-1.1437541330695384,-0.043993686452917395,217.10383435830997,23.653108940027625,0.4678447009669431,0.5567680649005574,0.0,0.0,0.0,0.0,0.0,0.0
1.17,-0.5298337536204181,0.050275978822150715,215.74446891598328,23.22375714463955,0.21886147455254462,0.537600572919491,0.0,0.0,0.0,0.0,0.0,0.0
1.2,0.19108761502011526,-0.11543537868804378,213.79963791286687,22.864099309715403,0.0332349068805239,0.4985605341501537,0.0,0.0,0.0,0.0,0.0,0.0
1.23,0.8439111264217831,0.11548246569947473,215.32246202867006,23.109107415144493,-0.18517334767885346,0.39120819577534843,0.0,0.0,0.0,0.0,0.0,0.0
1.26,1.6382024357847917,0.07673027289232742,216.30790761528002,23.44334043605188,-0.410793828621137,0.2523439995712169,0.0,0.0,0.0,0.0,0.0,0.0
1.29,2.4840744118015,-0.0372443225792406,216.92191353503034,23.69391016530162,-0.65899330453881,0.09685279999096937,0.0,0.0,0.0,0.0,0.0,0.0
1.32,3.313889880105652,-0.10328581149810356,217.31513032224785,23.83495111236503,-0.9636590000950689,-0.05786791400515418,0.0,0.0,0.0,0.0,0.0,0.0
1.35,4.025727036329356,-0.088939615325584,217.57176775210178,23.882651938781443,-1.4097412125061628,-0.19569893286772608,0.0,0.0,0.0,0.0,0.0,0.0
1.38,4.3995658229656085,-0.012094073728985601,217.74367827714812,23.865792437494825,-2.1837587528133313,-0.2902552380517293,0.0,0.0,0.0,0.0,0.0,0.0
1.41,3.9906435846088,0.07397875258325987,217.87908137140005,23.824877696017285,-3.6480493044904843,-0.2899946330404139,0.0,0.0,0.0,0.0,0.0,0.0
1.44,1.9824713019592017,0.06269369233214711,218.04254971016303,23.829616774947855,-6.442323271063946,-0.09885342062388723,0.0,0.0,0.0,0.0,0.0,0.0
1.47,-3.0194004864584993,-0.23701320834349324,218.34310685900215,24.028409597266418,-11.606388824588608,0.457046398088591,0.0,0.0,0.0,0.0,0.0,0.0
1.5,-13.265366540205045,-1.0784216082081743,219.02952275027536,24.782530354139126,-20.69113195844724,1.7012815544900515,0.0,0.0,0.0,0.0,0.0,0.0
1.53,-32.205497742115114,-2.4647296010711512,221.46323606020337,26.9812113501364,-35.785575801125795,4.239587003378455,0.0,0.0,0.0,0.0,0.0,0.0
1.56,-69.00478754016186,3.2183560059400325,288.71207872208345,30.755236560675403,-61.176377541515244,7.308093836745415,0.0,0.0,0.0,0.0,0.0,0.0
1.59,19.326749614054677,-0.6383716792196359,61.08831697982637,-0.002430434639215854,3.6355806434281637,-0.17095942512669954,0.0,0.0,0.0,0.0,0.0,0.0
1.62,20.355783030382515,11.45740242824492,144.77536160844593,-4.635094448147431,9.439062335497386,-0.36326077375576077,8.675779937458385,11.420937330228835,68.83819206624888,-4.5201531125408545,9.048408000519407,-0.444380620545863
1.65,0.0,0.0,0.0,0.0,0.0,0.0,45.53261250385063,-19.29093632997207,296.8560345892733,-21.89531315916271,33.54753214834332,12.185090836669504
1.68,0.0,0.0,0.0,0.0,0.0,0.0,21.315386183840634,-2.5671056226839895,217.1515030219789,-21.623459795888998,23.58302347592145,3.0894143878017406
1.71,0.0,0.0,0.0,0.0,0.0,0.0,6.312240716213281,-1.3304358673154957,217.59930879070512,-21.94104522657113,14.720095441191324,0.3961064794207788
1.74,0.0,0.0,0.0,0.0,0.0,0.0,0.5544325915288854,-0.9765159633796153,218.4269590133227,-22.720555939201194,9.244072941193485,-0.3535179579481012
1.77,0.0,0.0,0.0,0.0,0.0,0.0,-1.4576493961636885,-0.5555883299740588,218.80317788316583,-23.390450150153082,6.098917844019801,-0.5239877837668713
1.8,0.0,0.0,0.0,0.0,0.0,0.0,-2.0133048935551505,-0.13154548724033577,218.88183493259763,-23.84470069604257,4.304614201188807,-0.545862607387886
1.83,0.0,0.0,0.0,0.0,0.0,0.0,-1.9944297104936755,0.17720032132479577,218.747243646329,-24.097265425991296,3.2046129772727965,-0.5342826741790391
1.86,0.0,0.0,0.0,0.0,0.0,0.0,-1.7609201987854526,0.33443418567775046,218.43286825329577,-24.180717447274958,2.425914624843439,-0.5198128984992353
1.89,0.0,0.0,0.0,0.0,0.0,0.0,-1.4657737727268418,0.35082994026088987,217.93621573897127,-24.11948148560587,1.786084761588074,-0.5130730139736062
1.92,0.0,0.0,0.0,0.0,0.0,0.0,-1.1627533481554209,0.25636395426539615,217.2188367841948,-23.924933778492758,1.215426770305417,-0.5179348045850183
1.95,0.0,0.0,0.0,0.0,0.0,0.0,-0.8501795355326836,0.11409572690607143,216.19013040326791,-23.603603876445824,0.70401350810827,-0.5320643521214486
1.98,0.0,0.0,0.0,0.0,0.0,0.0,-0.4875050324578271,0.0598279637987716,214.68597863155372,-23.18936509374613,0.2649630735545098,-0.5434173079550425
2.01,0.0,0.0,0.0,0.0,0.0,0.0,0.002687098704575996,0.27371807594416636,212.55461803707448,-22.847520229184152,-0.09914369321349718,-0.5335911155397979
2.04,0.0,0.0,0.0,0.0,0.0,0.0,0.4131971238224975,-0.014058513870850971,214.28149131997466,-23.071341769410708,-0.5013274612945423,-0.4459807103941635
2.07,0.0,0.0,0.0,0.0,0.0,0.0,0.958647263441586,-0.02553747563247696,215.43024300537783,-23.386044248756495,-0.9189026404384346,-0.33038243502264436
2.1,0.0,0.0,0.0,0.0,0.0,0.0,1.5135148777230096,0.059407649537615716,216.16580129253558,-23.628772244410925,-1.3832975645700945,-0.20587113934635257
2.13,0.0,0.0,0.0,0.0,0.0,0.0,1.996657344696962,0.11650085831918061,216.64791986407477,-23.773956413543957,-1.9332801456761912,-0.09158395993491227
2.16,0.0,0.0,0.0,0.0,0.0,0.0,2.3150703035526905,0.11057115127138686,216.96602526365464,-23.836176894947858,-2.6417330091707205,-0.0026233567447764817
2.19,0.0,0.0,0.0,0.0,0.0,0.0,2.293190715795388,0.060246019353761414,217.1697528468707,-23.8438006955051,-3.6533164392860855,0.03998925064661678
2.22,0.0,0.0,0.0,0.0,0.0,0.0,1.5960545504381103,0.025986703452935262,217.29068564213387,-23.837960260480013,-5.235018175938406,-0.0015027024223303127
2.25,0.0,0.0,0.0,0.0,0.0,0.0,-0.36806083620235214,0.1308912408302496,217.34936600699712,-23.887798242413876,-7.839325513549887,-0.1940050441564356
2.28,0.0,0.0,0.0,0.0,0.0,0.0,-4.582295091962624,0.5900637613443791,217.3682835971278,-24.1384649819699,-12.170717549660127,-0.658262379818486
2.31,0.0,0.0,0.0,0.0,0.0,0.0,-12.610792928202018,1.6581789818498802,217.48486880737894,-24.95800807767977,-19.223461111960553,-1.6373721087984519
2.34,0.0,0.0,0.0,0.0,0.0,0.0,-26.882931758180977,3.1569652745894943,219.40873250122732,-27.310521300049306,-30.24529257063386,-3.6405958821266062
2.37,0.0,0.0,0.0,0.0,0.0,0.0,-56.148063717988876,-4.649155044926239,300.54894402406273,-31.25892676194891,-48.95690325993738,-5.715291877866169
2.4,0.0,0.0,0.0,0.0,0.0,0.0,18.39358845470218,0.6991744294731762,56.483097189807296,-0.05358830350656963,3.400826835217626,0.02989923871580443
2.43,17.093966873223593,-12.528806885484324,60.14984246964253,4.174607796388537,16.41778384657452,0.4920749356536887,26.70941822361564,-12.488964302934528,159.14162229812428,4.297362682508401,15.706823990051275,0.4447954022636626
2.46,47.28877729521391,20.183803810885436,304.85688212125,22.47950248655681,35.74256366675523,-12.822583687362714,0.0,0.0,0.0,0.0,0.0,0.0
2.49,20.353129574070103,2.414664004817994,216.1239416729458,21.736022578811088,23.309192016779328,-2.9878426331554286,0.0,0.0,0.0,0.0,0.0,0.0
2.52,3.6623894471787475,1.2713862785318304,216.00638558665793,21.778261499326998,13.100734245014737,-0.0655541519241337,0.0,0.0,0.0,0.0,0.0,0.0
2.55,-2.3898575432607267,1.0180711536951725,216.95734019388635,22.478034785414494,7.266955770681957,0.7125533938847863,0.0,0.0,0.0,0.0,0.0,0.0
2.58,-4.07821289679912,0.6385193896144147,217.5579339508832,23.146887627541442,4.261962834418511,0.834531100236473,0.0,0.0,0.0,0.0,0.0,0.0
2.61,-4.107091865744456,0.2180496910642899,217.8399761800192,23.62565929531015,2.8025327374607016,0.7867203476053601,0.0,0.0,0.0,0.0,0.0,0.0
2.64,-3.5564343029193703,-0.10358281466601262,217.8588729387548,23.90726017855787,2.0692100785736582,0.7082662447457433,0.0,0.0,0.0,0.0,0.0,0.0
2.67,-2.868359741206546,-0.27816167320027874,217.65031195033532,24.016466670644512,1.614886052029255,0.6387518759588032,0.0,0.0,0.0,0.0,0.0,0.0
2.7,-2.21689596247039,-0.30977785956779263,217.22124196611713,23.974355853614476,1.2338279811249044,0.5905787742545385,0.0,0.0,0.0,0.0,0.0,0.0
2.73,-1.6464594340911893,-0.22354058595583015,216.5420398419933,23.789772169880514,0.8593515481074206,0.5659893558320026,0.0,0.0,0.0,0.0,0.0,0.0
2.76,-1.1322515291986635,-0.07855495645414248,215.52888347524683,23.466967593952173,0.49687929481949084,0.5594309690495445,0.0,0.0,0.0,0.0,0.0,0.0
2.79,-0.604214810338084,-0.010877287356271352,214.0244652840785,23.040724492778367,0.18007219214332548,0.5546089906591815,0.0,0.0,0.0,0.0,0.0,0.0
2.82,0.04770557539495787,-0.21383463621781873,211.89591462527616,22.690228157234937,-0.06697810006589038,0.5281757879789397,0.0,0.0,0.0,0.0,0.0,0.0
2.85,0.6284737995558101,0.05800128499732893,213.81016579654013,22.952495800228125,-0.3511775609158337,0.42083569635331886,0.0,0.0,0.0,0.0,0.0,0.0
2.88,1.3787225818008277,0.04742229553079461,215.10841101926272,23.307015619315923,-0.6273525544052855,0.2805288209992285,0.0,0.0,0.0,0.0,0.0,0.0
2.91,2.181013237005255,-0.0507754958976287,215.94703261797727,23.576077942848254,-0.9193238136901256,0.12620321834881146,0.0,0.0,0.0,0.0,0.0,0.0
2.94,2.962843818284133,-0.10948355774200802,216.49094374085806,23.732420055855254,-1.2619136963674236,-0.023869057026313544,0.0,0.0,0.0,0.0,0.0,0.0
2.97,3.628386200004644,-0.09336414660684111,216.8358058111804,23.791336462327052,-1.7348713463403311,-0.15460155258246303,0.0,0.0,0.0,0.0,0.0,0.0
3.0,3.9692118314027294,-0.019169046130550333,217.0388997451166,23.780910219403168,-2.5138118660162245,-0.24135134121514487,0.0,0.0,0.0,0.0,0.0,0.0
3.03,3.557702619311343,0.057384982501888074,217.1460540167128,23.741372287259757,-3.943126808621326,-0.23503761879828627,0.0,0.0,0.0,0.0,0.0,0.0
3.06,1.603683691902589,0.02011820329448211,217.2098049941226,23.743681545241902,-6.635039762074312,-0.0438542829551241,0.0,0.0,0.0,0.0,0.0,0.0
3.09,-3.243002467175565,-0.34117611580361645,217.32066401093897,23.944023699945586,-11.590247202932561,0.49815735147545004,0.0,0.0,0.0,0.0,0.0,0.0
3.12,-13.151870647498543,-1.2957484838021045,217.73492746967895,24.73806073312346,-20.310527461948773,1.7028058869403753,0.0,0.0,0.0,0.0,0.0,0.0
3.15,-31.448548172232016,-2.7645498397641166,220.25974207313462,27.13106841785319,-34.84833187112407,4.16532902896068,0.0,0.0,0.0,0.0,0.0,0.0
3.18,-67.52627991153922,4.335364873051923,298.9402737762023,31.21103081167637,-59.99540988684521,7.0315096222568965,0.0,0.0,0.0,0.0,0.0,0.0
3.21,18.50091870106202,-0.5019817994274476,55.48502802906006,-0.016856050883751292,3.3821234664866084,-0.1594409812388026,0.0,0.0,0.0,0.0,0.0,0.0
3.24,21.282701772910407,11.998275897594656,150.03008256188818,-4.875713143868178,11.005181369128582,-0.44932930443390084,10.5546767686755,11.896354970432482,70.3126715326472,-4.691236930786866,11.306707394586597,-0.45712381140963165
3.27,0.0,0.0,0.0,0.0,0.0,0.0,45.8201329905698,-20.819037427547805,303.2345484024728,-21.538909906827012,33.72933926645406,12.508639006104806
3.3,0.0,0.0,0.0,0.0,0.0,0.0,21.37852393508553,-2.618087924638676,216.2052409286979,-21.594429857827006,23.607383475818725,3.0863881909242963
3.33,0.0,0.0,0.0,0.0,0.0,0.0,5.896085526181417,-1.1590455753472972,216.18052189430307,-21.913575794277413,14.434425183196899,0.32293515985983223
3.36,0.0,0.0,0.0,0.0,0.0,0.0,0.060740397841635096,-0.8250153954643744,217.10438974281246,-22.658803285633052,8.891762879916463,-0.42743224909036326
3.39,0.0,0.0,0.0,0.0,0.0,0.0,-1.8730579805641099,-0.46398478758703976,217.637616883086,-23.297328023663553,5.798259387869887,-0.5803620783621557
3.42,0.0,0.0,0.0,0.0,0.0,0.0,-2.3125336887917456,-0.08973699622570602,217.85491060466316,-23.730846155658664,4.09024925157578,-0.5825464532783711
3.45,0.0,0.0,0.0,0.0,0.0,0.0,-2.187112713796869,0.18750355672992963,217.8234118128693,-23.972719059147447,3.0700792925003424,-0.554465914814717
3.48,0.0,0.0,0.0,0.0,0.0,0.0,-1.8748177568077298,0.3288406843921981,217.57788750245433,-24.05302641569982,2.348808612660518,-0.5284673734484667
3.51,0.0,0.0,0.0,0.0,0.0,0.0,-1.5327207744304034,0.34072549898247106,217.12025119338648,-23.993659733107233,1.7409957986406517,-0.5154576589801179
3.54,0.0,0.0,0.0,0.0,0.0,0.0,-1.2117220921165053,0.24974535261733719,216.4150297222839,-23.803930720261874,1.1800084935290187,-0.5188501023940959
3.57,0.0,0.0,0.0,0.0,0.0,0.0,-0.9036031382192872,0.11693297558146307,215.37256661544845,-23.48896009766731,0.6619181602329817,-0.5353446248727131
3.6,0.0,0.0,0.0,0.0,0.0,0.0,-0.5571896160382298,0.07739181403989699,213.82936668298566,-23.08206832190762,0.2079231509209069,-0.5511523855935474
3.63,0.0,0.0,0.0,0.0,0.0,0.0,-0.07696744596799113,0.30928512931018015,211.6479971178208,-22.750016827463487,-0.16932038497383514,-0.5451269853301385
3.66,0.0,0.0,0.0,0.0,0.0,0.0,0.32115179475838246,-1.333916033533637e-05,213.61286414239177,-22.987587120580343,-0.5876230744136087,-0.45560192944979744
3.69,0.0,0.0,0.0,0.0,0.0,0.0,0.8691510323390301,-0.02644851383161304,214.9501842895075,-23.31640423635232,-1.0126628588177062,-0.33732596882050064
3.72,0.0,0.0,0.0,0.0,0.0,0.0,1.429432241601477,0.04941995298152958,215.82179935743224,-23.570887439950752,-1.4794346832038325,-0.2110822702896799
3.75,0.0,0.0,0.0,0.0,0.0,0.0,1.9185456806399457,0.1008610518136096,216.39717508056307,-23.724724804814663,-2.0276946326865097,-0.09630659118765901
3.78,0.0,0.0,0.0,0.0,0.0,0.0,2.244436142851988,0.09091052747905516,216.7737740659215,-23.792168107247697,-2.729980506419728,-0.007765367347443442
3.81,0.0,0.0,0.0,0.0,0.0,0.0,2.2319014424500336,0.03736583937569585,217.00642226655862,-23.801576227991042,-3.7305053619624045,0.03375658453708968
3.84,0.0,0.0,0.0,0.0,0.0,0.0,1.5439645175416943,0.0016218366829028005,217.12903496317674,-23.794706257281675,-5.296598036852617,-0.009607244772694866
3.87,0.0,0.0,0.0,0.0,0.0,0.0,-0.4159915584115266,0.11114003594960055,217.16198845904938,-23.842698852840055,-7.882789492388866,-0.20496069195618674
3.9,0.0,0.0,0.0,0.0,0.0,0.0,-4.636190569524563,0.5906295295855869,217.12757002189645,-24.09599152081915,-12.198907077285297,-0.6722637389211324
3.93,0.0,0.0,0.0,0.0,0.0,0.0,-12.675123071242156,1.7073146440085512,217.17535905029007,-24.937282094155638,-19.25136135962575,-1.6507924848771331
3.96,0.0,0.0,0.0,0.0,0.0,0.0,-26.9306727007028,3.270451363130391,219.17076086860718,-27.37111099370493,-30.317742808835096,-3.6407559753274965
3.99,0.0,0.0,0.0,0.0,0.0,0.0,-56.024022197570474,-4.801814144927865,302.4526154068066,-31.47716224318179,-49.27991021940425,-5.666472183812706
4.02,0.0,0.0,0.0,0.0,0.0,0.0,18.167567387158762,0.6634837392480332,54.934105261675725,-0.05086220231795931,3.330992390148374,0.02710002569168885
4.05,17.283894235050674,-12.6176065586361,61.51019370010203,4.269443996842228,16.774542860126417,0.49407334608341463,26.658203898015362,-12.595634304584665,159.8453201618152,4.414227990548058,15.861399947577198,0.4700670740976901
4.08,47.348659521003,20.662180422713536,307.09539602717587,22.402602094792915,35.72455193492163,-12.924522789822364,0.0,0.0,0.0,0.0,0.0,0.0
4.11,20.424581160943358,2.378185084246052,215.7659443111285,21.754550119233997,23.332537861710474,-2.9849745836597834,0.0,0.0,0.0,0.0,0.0,0.0
4.14,3.6086017588294514,1.175764626337995,215.50244362416328,21.78636951193683,13.05886006128901,-0.04556193166883538,0.0,0.0,0.0,0.0,0.0,0.0
4.17,-2.4594691783430815,0.9428123155316473,216.50205004914326,22.468498072859447,7.216367363863416,0.7295512887935852,0.0,0.0,0.0,0.0,0.0,0.0
4.2,-4.125909049326811,0.5919365320825446,217.1661453632123,23.12315034231736,4.228950878768985,0.8450072678171168,0.0,0.0,0.0,0.0,0.0,0.0
4.23,-4.1273858857062,0.193215151505079,217.50122673335383,23.59255627743184,2.792096459860611,0.7913361985667303,0.0,0.0,0.0,0.0,0.0,0.0
4.26,-3.5549676691151912,-0.1148018357291425,217.55788063424933,23.868824815087116,2.0766157219520927,0.7086207527190644,0.0,0.0,0.0,0.0,0.0,0.0
4.29,-2.8541922077187643,-0.2821295860024952,217.37274831323535,23.975578490770825,1.6322929329119935,0.6365823974968031,0.0,0.0,0.0,0.0,0.0,0.0
4.32,-2.199308691831642,-0.311050127871294,216.95445818265904,23.932881766977975,1.2534244327007826,0.5875324157061196,0.0,0.0,0.0,0.0,0.0,0.0
4.35,-1.633559299074901,-0.2253983891304992,216.2743311147991,23.748811009715755,0.8746494383522908,0.5635192308584424,0.0,0.0,0.0,0.0,0.0,0.0
4.38,-1.130216679185775,-0.08357661213657004,215.2485828613114,23.42711145559522,0.5033099915062338,0.5587054791441814,0.0,0.0,0.0,0.0,0.0,0.0
4.41,-0.616028425855362,-0.021412603558281184,213.71966168403978,23.002348780645416,0.17557672607826125,0.5562704182691907,0.0,0.0,0.0,0.0,0.0,0.0
4.44,0.024985793756619027,-0.231470127202272,211.5595020143998,22.654153326511885,-0.08117866640149791,0.5319744533733405,0.0,0.0,0.0,0.0,0.0,0.0
4.47,0.5935495831972681,0.04758111202418976,213.54682882150226,22.91980705565115,-0.3762133739387155,0.42479463254286276,0.0,0.0,0.0,0.0,0.0,0.0
4.5,1.3366833811263577,0.04196978048056534,214.9026165232602,23.278049692911104,-0.6603859093973654,0.2844049096257152,0.0,0.0,0.0,0.0,0.0,0.0
4.53,2.132228593081896,-0.05357278945052182,215.7814523148075,23.550400894415386,-0.9590658031675281,0.13040849460698792,0.0,0.0,0.0,0.0,0.0,0.0
4.56,2.906733942787312,-0.11126577056215373,216.35121514734243,23.70941104934557,-1.307340687479702,-0.01878697968871984,0.0,0.0,0.0,0.0,0.0,0.0
4.59,3.565269095134823,-0.09524262970058962,216.70989976613612,23.770238991028165,-1.7841662486906074,-0.14826273880114904,0.0,0.0,0.0,0.0,0.0,0.0
4.62,3.9012093373091825,-0.021978222416750813,216.91591618675002,23.76081171925491,-2.563404395552654,-0.23365503585627118,0.0,0.0,0.0,0.0,0.0,0.0
4.65,3.489622823821432,0.05255497425548879,217.0147410859578,23.72119431461251,-3.986533638812185,-0.22627554563731395,0.0,0.0,0.0,0.0,0.0,0.0
4.68,1.5444678193786008,0.010819357456707396,217.05681473810546,23.722309931623094,-6.661311303726284,-0.03501348634478405,0.0,0.0,0.0,0.0,0.0,0.0
4.71,-3.277372034827043,-0.3602385370146807,217.12945502324916,23.921231433457926,-11.582104694387786,0.5047792925405108,0.0,0.0,0.0,0.0,0.0,0.0
4.74,-13.132279493034936,-1.332020352600353,217.49093300928075,24.71888515351985,-20.242864257543836,1.7029496972752451,0.0,0.0,0.0,0.0,0.0,0.0
4.77,-31.32605712787585,-2.809822110225417,220.03494857288553,27.139905936654518,-34.69121130716645,4.153044262014559,0.0,0.0,0.0,0.0,0.0,0.0
4.8,-67.30044688518636,4.5369850412396815,300.6340421225118,31.265472115587908,-59.81320429584381,6.9878004800037035,0.0,0.0,0.0,0.0,0.0,0.0
4.83,18.36388788963183,-0.4836106628948057,54.65712987503689,-0.01864840914223562,3.3431221597799325,-0.15725130045288285,0.0,0.0,0.0,0.0,0.0,0.0
4.86,21.43509874882804,12.082802559734022,150.92806698218746,-4.923120436043068,11.260795727328455,-0.46405373610768835,10.837790761430233,11.973870499732966,70.74503568296565,-4.725177589165286,11.672413099623594,-0.4576520647529046
4.89,0.0,0.0,0.0,0.0,0.0,0.0,45.87820629662621,-21.06390813412734,304.20317725253267,-21.46897195815869,33.754809662391985,12.555824814687506
4.92,0.0,0.0,0.0,0.0,0.0,0.0,21.38884446920286,-2.625964366699745,216.0242824065661,-21.579973780284394,23.607606855725724,3.084266210272672
4.95,0.0,0.0,0.0,0.0,0.0,0.0,5.829418365864502,-1.1308375290087704,215.9227886669395,-21.899585509972844,14.384470547137703,0.31078705539700907
4.98,0.0,0.0,0.0,0.0,0.0,0.0,-0.01812802583327432,-0.8009095621240333,216.8693573957318,-22.639300912335603,8.83148120898126,-0.439114534467235
5.01,0.0,0.0,0.0,0.0,0.0,0.0,-1.9391292909215057,-0.45010076453003434,217.4339668463239,-23.27301097620471,5.746823781110551,-0.5890197465585502
5.04,0.0,0.0,0.0,0.0,0.0,0.0,-2.359854581927677,-0.08407116876723637,217.67805493586306,-23.70360091750562,4.05304844142065,-0.5879783004411104
5.07,0.0,0.0,0.0,0.0,0.0,0.0,-2.217322323066394,0.1881842470024643,217.66623779441466,-23.944255970482107,3.045882845222595,-0.5572379854150667
5.1,0.0,0.0,0.0,0.0,0.0,0.0,-1.8924189782977439,0.3272608602260956,217.43380305054492,-24.02460907546806,2.3339110836420356,-0.5294017470728689
5.13,0.0,0.0,0.0,0.0,0.0,0.0,-1.5428223734766042,0.33887241450064615,216.98363578013073,-23.96612389037364,1.731292876049984,-0.5154097936652978
5.16,0.0,0.0,0.0,0.0,0.0,0.0,-1.2189368767844577,0.24900990717787103,216.28094075135638,-23.77776765453488,1.1719401948833712,-0.51859320841281
5.19,0.0,0.0,0.0,0.0,0.0,0.0,-0.9114904023119093,0.11830944971631739,215.2363684844385,-23.46441281130342,0.6529044130534817,-0.535495036771345
5.22,0.0,0.0,0.0,0.0,0.0,0.0,-0.5676366708583066,0.08164422885066912,213.68665908321816,-23.05923859527758,0.19666655933497518,-0.5520535351242479
5.25,0.0,0.0,0.0,0.0,0.0,0.0,-0.0890073821445666,0.31669088383045396,211.49694941581012,-22.729127683580323,-0.182552303198783,-0.5466895328032833
5.28,0.0,0.0,0.0,0.0,0.0,0.0,0.3070066985069924,0.003844223471355219,213.50173828493172,-22.968841088167462,-0.6035827071276744,-0.4569052253471202
5.31,0.0,0.0,0.0,0.0,0.0,0.0,0.8552904832483216,-0.02523920825173673,214.87047380320354,-23.299698290583496,-1.0299751958751135,-0.33825978516919747
5.34,0.0,0.0,0.0,0.0,0.0,0.0,1.4163146502104544,0.04891308896414974,215.76453168583083,-23.555807912046482,-1.4972746346449446,-0.21180487830879313
5.37,0.0,0.0,0.0,0.0,0.0,0.0,1.9062690250128451,0.09925711538066463,216.35510766283824,-23.710801687577902,-2.0453944595559728,-0.09701422469694375
5.4,0.0,0.0,0.0,0.0,0.0,0.0,2.2332445452396845,0.08856131682113116,216.74108307451007,-23.778897499144453,-2.7468245798063284,-0.008592912022203077
5.43,0.0,0.0,0.0,0.0,0.0,0.0,2.2220714872173226,0.034457192687596186,216.97820991441608,-23.788436746511657,-3.7457203755664277,0.032712411385900614
5.46,0.0,0.0,0.0,0.0,0.0,0.0,1.5354107232356013,-0.0015940127494983873,217.10083734726456,-23.781220319066687,-5.309485292046715,-0.010975938879338839
5.49,0.0,0.0,0.0,0.0,0.0,0.0,-0.4241950825464927,0.10841404196002362,217.12936026382494,-23.828600231244167,-7.892999635396549,-0.2067870255014954
5.52,0.0,0.0,0.0,0.0,0.0,0.0,-4.64583812369794,0.590491053035874,217.08604902017973,-24.08166482503021,-12.206969494572201,-0.6745309628916702
5.55,0.0,0.0,0.0,0.0,0.0,0.0,-12.687079109672098,1.7135702525515695,217.12241638249054,-24.9251231959203,-19.259768768397674,-1.6528025903024641
5.58,0.0,0.0,0.0,0.0,0.0,0.0,-26.9404622032053,3.284652113254592,219.12926711786167,-27.369450799991363,-30.333827601997847,-3.640173427192844
5.61,0.0,0.0,0.0,0.0,0.0,0.0,-56.00412820047113,-4.829946010637449,302.7391561955459,-31.496659972673925,-49.33661230639396,-5.657213590467336
5.64,0.0,0.0,0.0,0.0,0.0,0.0,18.13186181967724,0.6597384385806261,54.693469527285906,-0.0506390820559806,3.320082283023328,0.026584385828278302
5.67,17.315409298883218,-12.632606817890965,61.731723975612496,4.2837184940443525,16.83396830704481,0.49446333328675013,26.65579161726499,-12.607677971120479,159.97272126741902,4.432164733872624,15.888766258232057,0.4743426065105518
5.7,47.36376938434438,20.740383229484515,307.4498905354688,22.37788820601691,35.72887974655458,-12.939048040708753,0.0,0.0,0.0,0.0,0.0,0.0
5.73,20.43657959198791,2.3748681633861066,215.705323147077,21.747595072881868,23.340146290881844,-2.9838102998072293,0.0,0.0,0.0,0.0,0.0,0.0
5.76,3.598480067489215,1.1613406502487018,215.41899869880706,21.779493932212795,13.054284339895341,-0.04208905959304245,0.0,0.0,0.0,0.0,0.0,0.0
5.79,-2.472592911003755,0.9306637578947307,216.427169654349,22.459787619461185,7.209770465194435,0.7323737292414086,0.0,0.0,0.0,0.0,0.0,0.0
5.82,-4.13537862598776,0.5838915120860948,217.10201080416795,23.112688826666428,4.225096563265665,0.8467199932193488,0.0,0.0,0.0,0.0,0.0,0.0
5.85,-4.132153865982238,0.1884525240198331,217.4460382904399,23.58087955851223,2.7919897281150194,0.7920801743333742,0.0,0.0,0.0,0.0,0.0,0.0
5.88,-3.5559515380382742,-0.11748158728491717,217.50908991772093,23.856496342661732,2.0795271208948773,0.7086664471439476,0.0,0.0,0.0,0.0,0.0,0.0
5.91,-2.8529277986354638,-0.28376582041775683,217.32797479302644,23.963071825765304,1.6369193560422994,0.6362180084801534,0.0,0.0,0.0,0.0,0.0,0.0
5.94,-2.1973832897818215,-0.3124554160372649,216.91160999200804,23.92055895141293,1.2584435346896852,0.5870284146513566,0.0,0.0,0.0,0.0,0.0,0.0
5.97,-1.6323569786060508,-0.22719086373588165,216.23149113692642,23.736927454019675,0.8789540174387838,0.5631119254035439,0.0,0.0,0.0,0.0,0.0,0.0
6.0,-1.1307760669078375,-0.08621484205313575,215.20386578395738,23.41582362538739,0.5061198225383765,0.5585813872312013,0.0,0.0,0.0,0.0,0.0,0.0
6.03,-0.6188235464658938,-0.02520653900433019,213.67115809062332,22.991715775275193,0.17654859079376028,0.5565335327648037,0.0,0.0,0.0,0.0,0.0,0.0
6.06,0.020477836418724166,-0.23647755032813672,211.5060144633902,22.644168072883176,-0.08180605719614405,0.5325908441808564,0.0,0.0,0.0,0.0,0.0,0.0
6.09,0.5870706324606144,0.04363669673235904,213.50512056960258,22.910230684755458,-0.3785022185843481,0.4254512183220933,0.0,0.0,0.0,0.0,0.0,0.0
6.12,1.3291050877592459,0.03889332314261618,214.87010451345466,23.26881686477041,-0.6638357925685077,0.2850724212846833,0.0,0.0,0.0,0.0,0.0,0.0
6.15,2.1236248296730325,-0.0561355586299751,215.75534872284862,23.541474667028858,-0.9634773219789461,0.13115844078465247,0.0,0.0,0.0,0.0,0.0,0.0
6.18,2.896985177771268,-0.11368494111410683,216.3292219346022,23.70079679925988,-1.3125841711832948,-0.017866145257551112,0.0,0.0,0.0,0.0,0.0,0.0
6.21,3.5543822773418428,-0.09785361810528286,216.69009302938665,23.761939149445013,-1.7899915329937979,-0.14711440385103713,0.0,0.0,0.0,0.0,0.0,0.0
6.24,3.8894921099182582,-0.025042946977482498,216.89654999082916,23.75276829151151,-2.569266489220676,-0.23227765909537357,0.0,0.0,0.0,0.0,0.0,0.0
6.27,3.4778607807290807,0.04886861950102976,216.99400054854448,23.71320879129708,-3.9913801441339842,-0.22474852808222331,0.0,0.0,0.0,0.0,0.0,0.0
6.3,1.5342068929460009,0.00643140513696369,217.03250811462468,23.71393117105996,-6.663291460644507,-0.03355627972855564,0.0,0.0,0.0,0.0,0.0,0.0
6.33,-3.2832883730815277,-0.36528422194037846,217.09876993809385,23.91167433077236,-11.578201670017256,0.5056912463097057,0.0,0.0,0.0,0.0,0.0,0.0
6.36,-13.128643289914605,-1.3370471105451864,217.4510979054976,24.707346332458066,-20.22854801297274,1.7024543148984363,0.0,0.0,0.0,0.0,0.0,0.0
6.39,-31.30413082585805,-2.810192431609021,219.99671100206652,27.127216253125134,-34.6607820220345,4.149866331800642,0.0,0.0,0.0,0.0,0.0,0.0
6.42,-67.25982475270075,4.584661486295005,300.90132378761257,31.249372997983638,-59.77563956446157,6.978363192168273,0.0,0.0,0.0,0.0,0.0,0.0
6.45,18.341614326883924,-0.48285748779182086,54.529401846230364,-0.01869692124920649,3.3369879733905865,-0.15682629321560657,0.0,0.0,0.0,0.0,0.0,0.0
6.48,21.460236241005234,12.099067852895578,151.08402432758913,-4.936338355878679,11.302617482136384,-0.4665334875369511,10.884470932163145,11.995460930822878,70.80395585942595,-4.736070641857968,11.731461009277583,-0.45730694229837693
6.51,0.0,0.0,0.0,0.0,0.0,0.0,45.88816284676271,-21.102775617285587,304.3542182056712,-21.447225407953685,33.75524676069767,12.560270691283652
6.54,0.0,0.0,0.0,0.0,0.0,0.0,21.389058947845506,-2.631628092064261,215.99462546584672,-21.56720795186553,23.603768108751442,3.083170311248458
6.57,0.0,0.0,0.0,0.0,0.0,0.0,5.8176090037458446,-1.1301860738128884,215.88145216097664,-21.88769832266323,14.372888240713149,0.3088001439256618
6.6,0.0,0.0,0.0,0.0,0.0,0.0,-0.03154957459593569,-0.7998709831918714,216.83190701667345,-22.62732655938096,8.81850677149138,-0.44085603588869055
6.63,0.0,0.0,0.0,0.0,0.0,0.0,-1.9502250573657594,-0.44977414918995273,217.40163499241856,-23.260942114472346,5.735477101318699,-0.5902541215691935
6.66,0.0,0.0,0.0,0.0,0.0,0.0,-2.3677350425156836,-0.08434616358145139,217.65005096926419,-23.69162106667429,4.0441573142830105,-0.5887033364824428
6.69,0.0,0.0,0.0,0.0,0.0,0.0,-2.222285754126861,0.18767386560944224,217.64139137463818,-23.932558568212695,3.03923646366887,-0.557548553754618
6.72,0.0,0.0,0.0,0.0,0.0,0.0,-1.8951961001416817,0.3268779873731693,217.41103853578343,-24.013361847760116,2.3289195289630555,-0.5294240158460909
6.75,0.0,0.0,0.0,0.0,0.0,0.0,-1.5442253003629678,0.33891911587177104,216.96203890735083,-23.955463699570505,1.7273123837727522,-0.5152755754664551
6.78,0.0,0.0,0.0,0.0,0.0,0.0,-1.2196980744427408,0.24971582268658954,216.2597124132696,-23.767795714026207,1.1684148621446389,-0.5184192399938284
6.81,0.0,0.0,0.0,0.0,0.0,0.0,-0.9121944299954512,0.11980973854246509,215.2147702073569,-23.4551819080862,0.6494237244283784,-0.5353792472546186
6.84,0.0,0.0,0.0,0.0,0.0,0.0,-0.5686420688034417,0.08393889330915989,213.66399892593932,-23.050725307209586,0.19299812373523378,-0.5520582760838953
6.87,0.0,0.0,0.0,0.0,0.0,0.0,-0.09025556755231037,0.3195747162416974,211.4728969934853,-22.721194516751567,-0.18643982448158364,-0.5468138760628084
6.9,0.0,0.0,0.0,0.0,0.0,0.0,0.30546301285714283,0.006194395833953904,213.48402457258942,-22.961057349234828,-0.607957543743827,-0.4569836938622583
6.93,0.0,0.0,0.0,0.0,0.0,0.0,0.8537446045889817,-0.02350780763515598,214.85771096428442,-23.291891695683493,-1.034686260403667,-0.3382917586645796
6.96,0.0,0.0,0.0,0.0,0.0,0.0,1.4147947393157838,0.05009363557620831,215.75531326962965,-23.54790551182566,-1.5022074974559967,-0.21183082050104526
6.99,0.0,0.0,0.0,0.0,0.0,0.0,1.9047880525300562,0.10002261574545024,216.34829543996645,-23.702787309900216,-2.0504334323516424,-0.09706844162531214
7.02,0.0,0.0,0.0,0.0,0.0,0.0,2.231856883907312,0.08905130457256165,216.7357586858071,-23.77076867673073,-2.7518378927611673,-0.008693261072487989
7.05,0.0,0.0,0.0,0.0,0.0,0.0,2.2208318899635184,0.03477340300374921,216.9736018220767,-23.780171464804955,-3.750574453016078,0.032563787915172795
7.08,0.0,0.0,0.0,0.0,0.0,0.0,1.5342862444114478,-0.0014091876593001814,217.09625354480843,-23.772751351334477,-5.314081160133165,-0.011171103894620234
7.11,0.0,0.0,0.0,0.0,0.0,0.0,-0.4254265682772375,0.1084566388600953,217.1241183391517,-23.81978960485658,-7.89733607932218,-0.2070179066621191
7.14,0.0,0.0,0.0,0.0,0.0,0.0,-4.647622593747544,0.5903489619206478,217.07946503341986,-24.072294500020877,-12.211248091818202,-0.6747440245570057
7.17,0.0,0.0,0.0,0.0,0.0,0.0,-12.689805013412581,1.7131415177325846,217.11401116673008,-24.914971437428438,-19.264596027499838,-1.6527864461545685
7.2,0.0,0.0,0.0,0.0,0.0,0.0,-26.943671208621975,3.283170660458611,219.12233520464846,-27.358698996698266,-30.340700427300707,-3.6393379716380743
7.23,0.0,0.0,0.0,0.0,0.0,0.0,-56.002091690067374,-4.839160590309534,302.7859326570133,-31.485199338722307,-49.35103698210528,-5.654106040707634
7.26,0.0,0.0,0.0,0.0,0.0,0.0,18.126731655674092,0.6609566192353349,54.6551842387679,-0.05079401967974413,3.3184033908125037,0.026439177853207946
7.29,17.32047745712017,-12.636194145839411,61.76207170053912,4.285643963942277,16.843511429171862,0.4945972967615233,26.65777081599131,-12.604755186199675,159.9974609462321,4.434650085065918,15.89315767001553,0.4751614800491066
7.32,47.36638307209297,20.75404098400494,307.50706365400316,22.361954690161465,35.734273758340706,-12.938826681466265,0.0,0.0,0.0,0.0,0.0,0.0
7.35,20.439341040543116,2.377288246511023,215.6951538680935,21.736650679455455,23.34496954788029,-2.9831014764147223,0.0,0.0,0.0,0.0,0.0,0.0
7.38,3.5971062364713253,1.1603583517743228,215.40579743334615,21.77031515999667,13.05654482812384,-0.041608636781051894,0.0,0.0,0.0,0.0,0.0,0.0
7.41,-2.474790329096538,0.9288725315474774,216.41537076123618,22.451335016197973,7.211405147057901,0.7326360126211962,0.0,0.0,0.0,0.0,0.0,0.0
7.44,-4.1371460729920395,0.5821270211466038,217.0918394387887,23.104484041848334,4.227023956514045,0.8468216898897835,0.0,0.0,0.0,0.0,0.0,0.0
7.47,-4.133232537583453,0.18693071823061944,217.43724006121582,23.57275262495665,2.794437401544347,0.7920670927622746,0.0,0.0,0.0,0.0,0.0,0.0
7.5,-3.556463499117712,-0.1188107063695678,217.50130027239018,23.848447577532024,2.0823936410679242,0.7085773988275373,0.0,0.0,0.0,0.0,0.0,0.0
7.53,-2.8531337246962893,-0.28506464604730986,217.32084075671943,23.955188411972863,1.6399818529703225,0.6360962450466432,0.0,0.0,0.0,0.0,0.0,0.0
7.56,-2.19756856751251,-0.3139242908193636,216.90481485900295,23.91296435758996,1.261461887606317,0.5869117238787737,0.0,0.0,0.0,0.0,0.0,0.0
7.59,-1.6327741257532165,-0.2290151924511602,216.22474694058573,23.729745806155492,0.8817197847171447,0.5630325774053117,0.0,0.0,0.0,0.0,0.0,0.0
7.62,-1.1316041315383165,-0.0885099343448994,215.19689933650025,23.409145570732164,0.5084858584998861,0.5585642438750892,0.0,0.0,0.0,0.0,0.0,0.0
7.65,-0.6201118505518446,-0.027953702666712887,213.66369419638883,22.985553080206625,0.17846346214361142,0.5565928436693692,0.0,0.0,0.0,0.0,0.0,0.0
7.68,0.018884239116742096,-0.23949070655246604,211.4978060498642,22.638382856813642,-0.0802489755884412,0.5327243964046576,0.0,0.0,0.0,0.0,0.0,0.0
7.71,0.5851090278627342,0.040696188574768144,213.4987965255198,22.90436971169481,-0.37717291460382457,0.4256037169780641,0.0,0.0,0.0,0.0,0.0,0.0
7.74,1.3269769579058448,0.036163885881137246,214.8651912970897,23.26275197194878,-0.6626050513819959,0.2852485604015107,0.0,0.0,0.0,0.0,0.0,0.0
7.77,2.1213543416200724,-0.058690430956608974,215.75142895801113,23.53523558030217,-0.9623190379493034,0.13137616799479537,0.0,0.0,0.0,0.0,0.0,0.0
7.8,2.894524211601527,-0.1162303645569717,216.32595987074433,23.69449255475265,-1.311509827297526,-0.01759019300775363,0.0,0.0,0.0,0.0,0.0,0.0
7.83,3.551689018119939,-0.10060116900859173,216.68720543745854,23.75569688362594,-1.7889973128750734,-0.14677483840066352,0.0,0.0,0.0,0.0,0.0,0.0
7.86,3.8865905546018933,-0.028163925871891385,216.89377487373832,23.746669909344106,-2.568283111426162,-0.2318883498659359,0.0,0.0,0.0,0.0,0.0,0.0
7.89,3.4749087522645925,0.04535202957414208,216.99105042908755,23.707199688593313,-3.9902087816054177,-0.22435606674536906,0.0,0.0,0.0,0.0,0.0,0.0
7.92,1.5315979574168488,0.002815645762255102,217.02899306877515,23.707669586352516,-6.661510243808532,-0.03326098281080271,0.0,0.0,0.0,0.0,0.0,0.0
7.95,-3.2847595536441743,-0.3681019433351884,217.09408699879106,23.90428934678041,-11.575031364969963,0.505699324211676,0.0,0.0,0.0,0.0,0.0,0.0
7.98,-13.127507701502468,-1.337083992735828,217.44435238832915,24.6971022518189,-20.222679896988648,1.7018457667210338,0.0,0.0,0.0,0.0,0.0,0.0
8.01,-31.297939531994636,-2.8033716858621176,219.98861542876307,27.111166194927367,-34.650272299605156,4.1480973285503575,0.0,0.0,0.0,0.0,0.0,0.0
8.04,-67.2478258272414,4.608001615388973,300.94300906212726,31.22200575069358,-59.76034558075947,6.974237684099076,0.0,0.0,0.0,0.0,0.0,0.0
8.07,18.33741269380175,-0.4848378518727578,54.509982325824055,-0.018478650800023453,3.3359710657929234,-0.156684221154763,0.0,0.0,0.0,0.0,0.0,0.0
8.1,21.465339479641013,12.104732595168793,151.12214883306402,-4.944100887108228,11.310791795691987,-0.46706445692327675,10.894575834752393,12.00846100953544,70.79881711795359,-4.743322433104392,11.742311228979283,-0.4568509881596493
8.13,0.0,0.0,0.0,0.0,0.0,0.0,45.890203617453494,-21.109326567718615,304.37810722126,-21.43304509897385,33.751697867676825,12.55803773815847
8.16,0.0,0.0,0.0,0.0,0.0,0.0,21.387601109561192,-2.637103389996476,215.9895523219679,-21.554684417332815,23.59925683753342,3.0822559136356187
8.19,0.0,0.0,0.0,0.0,0.0,0.0,5.814362824380128,-1.1339894547664333,215.874944404838,-21.876154306920494,14.367334405860252,0.3084163792434988
8.22,0.0,0.0,0.0,0.0,0.0,0.0,-0.03472797933417779,-0.8025162791279281,216.82612443768434,-22.616573399111402,8.812972472544544,-0.4410385761970078
8.25,0.0,0.0,0.0,0.0,0.0,0.0,-1.952713680013335,-0.4515943537332231,217.39667363859758,-23.250847201654242,5.730433830232419,-0.5903292839597173
8.28,0.0,0.0,0.0,0.0,0.0,0.0,-2.369441553654225,-0.08554795309334795,217.64576186385125,-23.68209093771671,4.0397171991412835,-0.5886974238157816
8.31,0.0,0.0,0.0,0.0,0.0,0.0,-2.2232990074752004,0.18699338301276333,217.6375794430997,-23.92354417346946,3.0353516384011234,-0.5574800527505089
8.34,0.0,0.0,0.0,0.0,0.0,0.0,-1.8956543861071171,0.3267031975155969,217.4075227577264,-24.004856744828835,2.325491373483319,-0.5293108194454791
8.37,0.0,0.0,0.0,0.0,0.0,0.0,-1.5442665195031675,0.3392834541116624,216.9586666846606,-23.94749450159398,1.7242410439915363,-0.5151342520032864
8.4,0.0,0.0,0.0,0.0,0.0,0.0,-1.2194466697329012,0.2506638580381694,216.25635272673438,-23.760402790384116,1.1656155116976203,-0.518264484541388
8.43,0.0,0.0,0.0,0.0,0.0,0.0,-0.9117693538460593,0.1213406554010365,215.2113092608428,-23.448388667669406,0.6468253448184768,-0.5352265984797973
8.46,0.0,0.0,0.0,0.0,0.0,0.0,-0.5681637756348155,0.08593131488939901,213.66033745969415,-23.04448930664909,0.19053410492204476,-0.5519271176792637
8.49,0.0,0.0,0.0,0.0,0.0,0.0,-0.08980858614631919,0.32174847325812356,211.46894019087742,-22.71532180142075,-0.18884867039456327,-0.5467168722993989
8.52,0.0,0.0,0.0,0.0,0.0,0.0,0.30590253350801816,0.00831116063363886,213.48108719166476,-22.955017508923827,-0.6104995564711982,-0.45687186658392037
8.55,0.0,0.0,0.0,0.0,0.0,0.0,0.8541386572230797,-0.02168988738587188,214.8555367926134,-23.285501967819666,-1.0374039865180957,-0.3381833606098573
8.58,0.0,0.0,0.0,0.0,0.0,0.0,1.4151023984902928,0.051543167690241934,215.7536987553073,-23.54114694361389,-1.505098968066413,-0.21174741078206052
8.61,0.0,0.0,0.0,0.0,0.0,0.0,1.9050084197479056,0.10116233328287648,216.34707159521304,-23.695715906387587,-2.053469669887206,-0.09702030933590441
8.64,0.0,0.0,0.0,0.0,0.0,0.0,2.232015504674761,0.08998793887312415,216.73478305068852,-23.763461120461706,-2.7549784948394462,-0.00867814159872841
8.67,0.0,0.0,0.0,0.0,0.0,0.0,2.2209492477701844,0.035595100206617145,216.9727563107284,-23.77268517281295,-3.7537856099588853,0.03255708261201818
8.7,0.0,0.0,0.0,0.0,0.0,0.0,1.534339534275632,-0.0006915836805247437,217.09543835573714,-23.765083746586626,-5.317357946796738,-0.0111791618055488
8.73,0.0,0.0,0.0,0.0,0.0,0.0,-0.42554877608498914,0.10893246257307816,217.12324946721378,-23.81182511849988,-7.900730797995662,-0.2069955451604771
8.76,0.0,0.0,0.0,0.0,0.0,0.0,-4.648152357230099,0.5902068300985027,217.0784478849333,-24.063720807340882,-12.214912416170346,-0.6746303938702009
8.79,0.0,0.0,0.0,0.0,0.0,0.0,-12.6910580085831,1.711666391092418,217.11269092959918,-24.90515857942074,-19.268841782103472,-1.6524476190491262
8.82,0.0,0.0,0.0,0.0,0.0,0.0,-26.94582870837836,3.279233293495213,219.1209128350035,-27.346551483735464,-30.3461111800143,-3.638460182147299
8.85,0.0,0.0,0.0,0.0,0.0,0.0,-56.00288162055307,-4.845426966617685,302.79552989652143,-31.468913827248098,-49.358816962995334,-5.651961555984207
8.88,0.0,0.0,0.0,0.0,0.0,0.0,18.12640228286143,0.6629488977086568,54.64849450880351,-0.05100760813485604,3.318168642469884,0.0263522694787725
8.91,17.321369205249308,-12.637995123299206,61.76219410748092,4.285644193027569,16.845168880507348,0.4946913031345075,26.660352447686705,-12.599490344902065,160.00581097794702,4.4347177811669685,15.893880667922781,0.47543460242170194
8.94,47.3668909554578,20.75755436039312,307.51766357630197,22.347422490462975,35.73976074780186,-12.936272198950833,0.0,0.0,0.0,0.0,0.0,0.0
8.97,20.44065760841101,2.3806174195672405,215.6929783179108,21.725092644653294,23.349342270301662,-2.9824694363643345,0.0,0.0,0.0,0.0,0.0,0.0
9.0,3.5971516463535536,1.1614962759761491,215.40369800838184,21.760786142945935,13.05989609787926,-0.041607082794680283,0.0,0.0,0.0,0.0,0.0,0.0
9.03,-2.475222883828466,0.9287132868945109,216.41352985979998,22.442934205268603,7.214358575593627,0.7324886703024257,0.0,0.0,0.0,0.0,0.0,0.0
9.06,-4.1376629205295545,0.581351560493549,217.09017841364647,23.09664498460295,4.229883557219694,0.8466657392410174,0.0,0.0,0.0,0.0,0.0,0.0
9.09,-4.133700577894005,0.18591822877413794,217.43574960639654,23.565193919695268,2.7973049972070676,0.7919305710953725,0.0,0.0,0.0,0.0,0.0,0.0
9.12,-3.5568799219945593,-0.11992735059537406,217.49996327228155,23.84108092088732,2.0852657326719286,0.7084667043602257,0.0,0.0,0.0,0.0,0.0,0.0
9.15,-2.8535553775659297,-0.2863111024687101,217.31962515122524,23.948040603996784,1.642806717620375,0.636011191818414,0.0,0.0,0.0,0.0,0.0,0.0
9.18,-2.198074553601577,-0.31540407626165085,216.90368476617115,23.906121376662565,1.2641705515935406,0.5868549006279493,0.0,0.0,0.0,0.0,0.0,0.0
9.21,-1.6334386160488237,-0.2308449021886464,216.22367179293295,23.723310939154818,0.8842456430099446,0.5630047937474426,0.0,0.0,0.0,0.0,0.0,0.0
9.24,-1.1324701490036941,-0.0907510033016071,215.19586004646663,23.40319906292779,0.5107819052290332,0.5585642563710068,0.0,0.0,0.0,0.0,0.0,0.0
9.27,-0.6211612702033085,-0.030535974786669497,213.662672850702,22.980099339909287,0.18052458161758023,0.5566206077930111,0.0,0.0,0.0,0.0,0.0,0.0
9.3,0.01774887947908268,-0.24218994227121268,211.49670510436974,22.63326366908532,-0.07835201540600241,0.532782820330844,0.0,0.0,0.0,0.0,0.0,0.0
9.33,0.5838564958267407,0.03791425744007208,213.49802452112223,22.899098588549506,-0.37527957042308474,0.42567786287551024,0.0,0.0,0.0,0.0,0.0,0.0
9.36,1.325703736203739,0.033489781476389,214.86460693018842,23.2571910964713,-0.6606443101587856,0.28534805162062,0.0,0.0,0.0,0.0,0.0,0.0
9.39,2.120076773452715,-0.06124325694961838,215.75098792931905,23.52942520698075,-0.9602919440350048,0.13151074239859364,0.0,0.0,0.0,0.0,0.0,0.0
9.42,2.8932052488070683,-0.11879471406200068,216.32563526998274,23.688557915523887,-1.309449937765828,-0.01741528429487018,0.0,0.0,0.0,0.0,0.0,0.0
9.45,3.550279193040696,-0.10336883414324192,216.68697206976412,23.749784632389815,-1.7869394441109268,-0.146561825235076,0.0,0.0,0.0,0.0,0.0,0.0
9.48,3.8850692778628013,-0.031291811275117584,216.8936046277435,23.740883705545166,-2.566232450756756,-0.23165410973833972,0.0,0.0,0.0,0.0,0.0,0.0
9.51,3.473335698870091,0.04186485996142587,216.99089408299972,23.701507353522093,-3.9881003707772065,-0.22414065956231283,0.0,0.0,0.0,0.0,0.0,0.0
9.54,1.5301866949808307,-0.0006761034349064505,217.02874644341108,23.701747247842597,-6.659145504737172,-0.0331477635035386,0.0,0.0,0.0,0.0,0.0,0.0
9.57,-3.2855348876817185,-0.3705679220289571,217.0934935374873,23.897253414671667,-11.571981648085837,0.5055658790188149,0.0,0.0,0.0,0.0,0.0,0.0
9.6,-13.126763986122011,-1.3363379196711163,217.44281269558545,24.68707225129451,-20.2181413357902,1.7012198370581566,0.0,0.0,0.0,0.0,0.0,0.0
9.63,-31.294212916780555,-2.7954279706435474,219.98526285686518,27.09460530264159,-34.64288925163304,4.146549725453796,0.0,0.0,0.0,0.0,0.0,0.0
9.66,-67.2403017075605,4.627514451550245,300.94934589231576,31.19289602049936,-59.74853944981472,6.970944868638965,0.0,0.0,0.0,0.0,0.0,0.0
9.69,18.33604165680239,-0.48724347109531163,54.50747606235604,-0.018218984788917068,3.3357541433032614,-0.15658662434645043,0.0,0.0,0.0,0.0,0.0,0.0
9.72,21.457211534691485,12.1028363964077,151.15226221567764,-4.948095946200452,11.30958967283301,-0.4668484652605595,10.885306016992311,12.014217405017648,70.8196533966746,-4.747141777074108,11.740701482318288,-0.455564572179651
9.75,0.0,0.0,0.0,0.0,0.0,0.0,45.94011749689057,-21.089249695730967,304.381275709963,-21.435652970419362,33.790549502762374,12.555666554722109
9.78,0.0,0.0,0.0,0.0,0.0,0.0,21.403389104025987,-2.6390697403209984,215.99992896763683,-21.547066963264985,23.611428171530797,3.084644146367158
9.81,0.0,0.0,0.0,0.0,0.0,0.0,5.811928419404597,-1.1386641569846723,215.8708980223773,-21.864669368593628,14.361288973543777,0.30881555600467553
9.84,0.0,0.0,0.0,0.0,0.0,0.0,-0.049648869463088885,-0.8060692022656526,216.81600009224763,-22.60450010987565,8.795375969302196,-0.44234449335443715
9.87,0.0,0.0,0.0,0.0,0.0,0.0,-1.974572123213778,-0.45349332934867526,217.38556823504246,-23.23952547144089,5.7066459083868635,-0.5926085518662246
9.9,0.0,0.0,0.0,0.0,0.0,0.0,-2.3942236348794936,-0.08609219803955037,217.63595387084942,-23.671851421103966,4.013329826787241,-0.5913765279674369
9.93,0.0,0.0,0.0,0.0,0.0,0.0,-2.2488925374585866,0.18746658973042618,217.62981448749426,-23.914347973559593,3.0082897689639676,-0.5602518236946468
9.96,0.0,0.0,0.0,0.0,0.0,0.0,-1.9214756443552776,0.32797199827132956,217.40192218356736,-23.996588234581044,2.2984266369414574,-0.5320873996105298
9.99,0.0,0.0,0.0,0.0,0.0,0.0,-1.5707431817822755,0.3412032404823101,216.95520291063232,-23.940045331107033,1.6970211624195328,-0.5179598093971768
10.02,0.0,0.0,0.0,0.0,0.0,0.0,-1.2476551603797879,0.2530898179651305,216.2550659317563,-23.753668508147516,1.1375616534161337,-0.5212602626668321
10.05,0.0,0.0,0.0,0.0,0.0,0.0,-0.9433081938805397,0.12407582553355209,215.21240600605051,-23.44225616985378,0.6168586370751745,-0.5385736729050357
10.08,0.0,0.0,0.0,0.0,0.0,0.0,-0.605265464946275,0.08877028582777514,213.6642820369981,-23.0388868175827,0.15713122166622367,-0.555864502156105
10.11,0.0,0.0,0.0,0.0,0.0,0.0,-0.13564905289795426,0.3247772574544635,211.4765551768304,-22.710424515328945,-0.2278895800937992,-0.5515162806583974
10.14,0.0,0.0,0.0,0.0,0.0,0.0,0.24752451421558408,0.013673592049410207,213.49075494120075,-22.95191030508389,-0.6583044751522098,-0.46321172962325263
10.17,0.0,0.0,0.0,0.0,0.0,0.0,0.7770966803137426,-0.013440768459245384,214.86803604179025,-23.284730348412527,-1.0984970861251628,-0.3466699625393518
10.2,0.0,0.0,0.0,0.0,0.0,0.0,1.3119329041336734,0.06333311011571487,215.77014571387207,-23.54334420255097,-1.5848523823855052,-0.22323063719707495
10.23,0.0,0.0,0.0,0.0,0.0,0.0,1.7673220533322114,0.11752660833442856,216.36893296454497,-23.70177662370893,-2.157649317930071,-0.11249139060050176
10.26,0.0,0.0,0.0,0.0,0.0,0.0,2.0515357640832614,0.11223146225999271,216.76386500029437,-23.77444057241978,-2.8887574172798516,-0.029127572069673473
10.29,0.0,0.0,0.0,0.0,0.0,0.0,1.9919219151468535,0.06478948684997966,217.01099575158597,-23.78936663283943,-3.919635130240384,0.00641950456876333
10.32,0.0,0.0,0.0,0.0,0.0,0.0,1.2583582545963978,0.035121374916805885,217.14433136124052,-23.787031205743506,-5.510947565625662,-0.04291607714437918
10.35,0.0,0.0,0.0,0.0,0.0,0.0,-0.7308186201514915,0.14728972621774894,217.18265194525335,-23.835577491694146,-8.103622578355532,-0.24254444057079316
10.38,0.0,0.0,0.0,0.0,0.0,0.0,-4.9341771400040315,0.6190664691929505,217.14447194026664,-24.079515364231995,-12.38254758323954,-0.7089916039409204
10.41,0.0,0.0,0.0,0.0,0.0,0.0,-12.853686027460553,1.7043024868237031,217.17437961280362,-24.890772431503688,-19.312482435580037,-1.6744977814399022
10.44,0.0,0.0,0.0,0.0,0.0,0.0,-26.782549730304268,3.1864410489418478,219.14800830167133,-27.254647885016105,-30.108797465994034,-3.6243436932628774
10.47,0.0,0.0,0.0,0.0,0.0,0.0,-55.163962147265245,-5.0652337710390904,302.41543354473015,-31.20666544523136,-48.581405194184974,-5.547220004974862
10.5,0.0,0.0,0.0,0.0,0.0,0.0,18.100746395286126,0.6697426198061665,54.71344988936567,-0.051771179408198933,3.3174652260429527,0.02614977507166794
10.53,9.085279016029888,-11.76964200317114,73.0782475617923,4.76756499856628,10.559524353132007,0.4892476230612916,19.237631114961797,-11.739571683478252,149.7190516381412,4.938427320888488,10.171014513183806,0.44846530026375586
10.56,22.246632801668035,18.698040412490798,304.5568975586699,23.48703857816222,24.842937115203835,-7.989810778727191,0.0,0.0,0.0,0.0,0.0,0.0
10.59,12.285478645387563,2.0881212904965736,215.2862566174837,21.86474930344127,18.49446202017841,-1.797538253889975,0.0,0.0,0.0,0.0,0.0,0.0
10.62,2.2092145504830145,1.2732462913385845,215.298621500274,21.660444924069118,12.206708961415051,-0.039960687042378186,0.0,0.0,0.0,0.0,0.0,0.0
10.65,-1.6247405675998121,1.104107847008271,216.57276049032944,22.327392002217515,8.648061836831236,0.4661025227113634,0.0,0.0,0.0,0.0,0.0,0.0
10.68,-2.758851872355141,0.7223028995631259,217.32257416126515,23.012335734258638,6.841449515310406,0.5792626030028865,0.0,0.0,0.0,0.0,0.0,0.0
10.71,-2.860566648834944,0.27909193065858423,217.64143674582294,23.50910097714443,5.960229791664024,0.5851565486968235,0.0,0.0,0.0,0.0,0.0,0.0
10.74,-2.6382016216035775,-0.06461722086960854,217.6645654284357,23.804735391782458,5.476007391156501,0.571743640866117,0.0,0.0,0.0,0.0,0.0,0.0
10.77,-2.396475747534374,-0.25706317796896067,217.4645465182017,23.92677456039864,5.098791836466075,0.5680310759080769,0.0,0.0,0.0,0.0,0.0,0.0
10.8,-2.256221393081407,-0.30339818446217176,217.0597573673645,23.898810126866934,4.695783155589291,0.5843780750848074,0.0,0.0,0.0,0.0,0.0,0.0
10.83,-2.2354335601119173,-0.22917814411948706,216.42395812371174,23.7305718595243,4.231630125134323,0.6213638323215049,0.0,0.0,0.0,0.0,0.0,0.0
10.86,-2.2744713729268415,-0.09178071461410085,215.475151696031,23.425378259943272,3.7342596118324303,0.6696183583219625,0.0,0.0,0.0,0.0,0.0,0.0
10.89,-2.236134514496765,-0.024859057783656893,214.05318283319858,23.015497702267844,3.2789516523364335,0.7076075244389312,0.0,0.0,0.0,0.0,0.0,0.0
10.92,-1.9341201499871317,-0.2243043348083544,212.0085531697958,22.67864531419253,2.9804258297858524,0.7137655369917696,0.0,0.0,0.0,0.0,0.0,0.0
10.95,-1.7984733118631608,0.04569165262621419,214.0739338574304,22.959236372895912,2.8889365572017662,0.6590977700259072,0.0,0.0,0.0,0.0,0.0,0.0
10.98,-1.3866421841054735,0.02759266123280151,215.48913255865082,23.331239667261336,2.9126898556294556,0.5693629692211823,0.0,0.0,0.0,0.0,0.0,0.0
11.01,-0.9004442509731141,-0.0835012785021436,216.42832728369103,23.619596619538605,2.932055213912929,0.46522305714622936,0.0,0.0,0.0,0.0,0.0,0.0
11.04,-0.4801710320040338,-0.16510512723645182,217.0676331084259,23.802284895623565,2.8740673993369334,0.3697723510151433,0.0,0.0,0.0,0.0,0.0,0.0
11.07,-0.20739077140852008,-0.18897105786017776,217.50289870869224,23.89976093686456,2.6887908206183817,0.29634063188204274,0.0,0.0,0.0,0.0,0.0,0.0
11.1,-0.15036181483037822,-0.17907460485295282,217.77755723000934,23.943055907041956,2.3267436588958614,0.25425134677996236,0.0,0.0,0.0,0.0,0.0,0.0
11.13,-0.40247391774668106,-0.19544398891445006,217.90011115325547,23.969507397584756,1.7183975683382497,0.25499041740172584,0.0,0.0,0.0,0.0,0.0,0.0
11.16,-1.1118230634866026,-0.3475887269580726,217.84750190733655,24.03378734443586,0.756629536493247,0.3166587988533959,0.0,0.0,0.0,0.0,0.0,0.0
11.19,-2.5053613983428136,-0.80350714979292,217.58559203598514,24.245756525691885,-0.714830374573042,0.47004734104723533,0.0,0.0,0.0,0.0,0.0,0.0
11.22,-4.911125744218018,-1.6850993683322115,217.21483381846016,24.88315896515931,-2.8994139681019373,0.7765944109839313,0.0,0.0,0.0,0.0,0.0,0.0
11.25,-8.903637638304394,-2.4944023973180434,218.47510490979275,26.656972280024373,-6.054398293350414,1.3582937852124821,0.0,0.0,0.0,0.0,0.0,0.0
11.28,-24.74041571869828,6.496774697751633,296.2620474612336,29.208650897018856,-13.355982546986594,0.8030828686435061,0.0,0.0,0.0,0.0,0.0,0.0
11.31,15.900166558076624,-0.5100081307746455,56.73803539990158,-0.002010250650736263,3.1508107720356597,-0.1555069869005924,0.0,0.0,0.0,0.0,0.0,0.0
