Cx,Cy,Cz,CoPx_FL,CoPy_FL,CoPx_FR,CoPy_FR,X_FL_SupportCenter,Y_FL_SupportCenter,Z_FL_SupportCenter,Qx_FL_SupportCenter,Qy_FL_SupportCenter,Qz_FL_SupportCenter,Qw_FL_SupportCenter,X_FR_SupportCenter,Y_FR_SupportCenter,Z_FR_SupportCenter,Qx_FR_SupportCenter,Qy_FR_SupportCenter,Qz_FR_SupportCenter,Qw_FR_SupportCenter
0.11277831485523114,2.9996949218908084e-05,1.089258556510755,-1.2742599047451173,0.19895204332674046,-1.2842800341831935,-0.19751774876830086,0.11216814241496129,0.11044930982474357,-0.0002561178486999438,4.703121573129423e-06,-1.8366083722132907e-06,-5.3839960891766065e-06,0.9999999999727603,0.11216814241496066,-0.11043069017525643,-0.0002561178486999577,4.7031215731238906e-06,-1.8366083718524683e-06,-5.3839960890720115e-06,0.9999999999727603
0.11288407795126,2.9518260729975517e-05,1.08843407659911,-0.40840265675935006,0.13032048599765764,-0.410139553323475,-0.12946395045716017,0.11216399746810166,0.11044936024248765,-0.000246722858837492,4.736361579943264e-06,-1.8364869860905653e-06,-5.420798858482713e-06,0.9999999999724049,0.11216401070906795,-0.11043063948870502,-0.0002467540871465973,4.736423250281627e-06,-1.8364869885330587e-06,-5.4210452936083155e-06,0.9999999999724032
0.11318323596126713,2.8587513105175745e-05,1.087133234544551,-0.17791374837978075,0.12087101538160731,-0.17842032625359103,-0.12033839860221811,0.11216359183931307,0.11044933661331122,-0.00024343492041221937,4.728626547086632e-06,-1.836499912153317e-06,-5.402812268310468e-06,0.9999999999725389,0.11216359725978534,-0.1104306631273021,-0.0002434860103653902,4.72868566996145e-06,-1.8364998918223612e-06,-5.403044959110984e-06,0.9999999999725372
0.11363611040146372,2.7190811272452756e-05,1.0856964640708286,-0.15333333203897775,0.11895467072077474,-0.15371375849979058,-0.11852453906977116,0.11216626959654409,0.11044930512310375,-0.0002498217063056085,4.708528772068129e-06,-1.8365781003171936e-06,-5.3797260802239835e-06,0.9999999999727579,0.1121662664066832,-0.11043069477279571,-0.00024984736864891444,4.7085520071624315e-06,-1.8365780555474508e-06,-5.3798140805907775e-06,0.9999999999727573
0.11424603774258832,2.540511530909109e-05,1.0841850749596857,-0.14396305370605628,0.11780842843355882,-0.1442746255896794,-0.11745228623670925,0.11217060930006012,0.11044927372877202,-0.00026159388926269567,4.682849694588294e-06,-1.8366864463294589e-06,-5.356048049860828e-06,0.9999999999730054,0.1121705979880241,-0.1104307263997176,-0.00026157252004981035,4.682822769061784e-06,-1.8366863841292122e-06,-5.355912709297992e-06,0.9999999999730063
0.11501864149314531,2.3305391717628174e-05,1.0826156021276525,-0.13627402548677944,0.11691844126367383,-0.13652818068138423,-0.1166231701428477,0.11217587614849625,0.11044924267167892,-0.0002758563081377563,4.653614688425948e-06,-1.8368085799099919e-06,-5.330934906423957e-06,0.9999999999732758,0.11217585676912109,-0.11043075773378419,-0.0002757806488324216,4.6535319495291865e-06,-1.8368085111733044e-06,-5.330524278290115e-06,0.9999999999732784
0.1159571174987331,2.0955110755286576e-05,1.0809952016509383,-0.12858165530334892,0.11616636443647997,-0.12878528317550889,-0.11592242375260221,0.11218168757197208,0.11044921190520851,-0.00029116262004387494,4.621675194859429e-06,-1.836937159514754e-06,-5.303720924456395e-06,0.9999999999735685,0.11218165997722335,-0.11043078880555478,-0.0002910313625056754,4.621534760808967e-06,-1.8369370977169568e-06,-5.302998160196023e-06,0.9999999999735729
0.11706251478594297,1.8406963686306152e-05,1.0793280978537811,-0.12078777574720943,0.11549709837686284,-0.12094594987167735,-0.11529813121790539,0.11218783237731202,0.11044918165302131,-0.000306811421593306,4.587491274096383e-06,-1.8370689582111382e-06,-5.2741699150001555e-06,0.9999999999738818,0.11218779639899819,-0.11043081938299579,-0.00030662529063539556,4.587293011334818e-06,-1.8370689182847308e-06,-5.2731074547461595e-06,0.9999999999738883
0.11833451237121179,1.5705154510865768e-05,1.0776172415973695,-0.11302323783594921,0.11487463288108718,-0.11314170015035659,-0.11471541447070631,0.11219418519788003,0.11044915210095516,-0.00032244797134428627,4.551335790318559e-06,-1.8372022834363908e-06,-5.242356410147118e-06,0.9999999999742141,0.11219414077906893,-0.1104308492753904,-0.0003222084044618573,4.55108017882348e-06,-1.8372022813130734e-06,-5.2409337039578325e-06,0.9999999999742227
0.1197721119379407,1.2887319580002163e-05,1.0758650003548598,-0.10544356928921944,0.11427032377298074,-0.10552767522298138,-0.11414684756089034,0.11220066616808186,0.1104491235220725,-0.00033788097893773517,4.513418279729321e-06,-1.8373364610630948e-06,-5.208377812761103e-06,0.9999999999745632,0.11220061332195445,-0.11043087820661503,-0.0003375893947836356,4.513106227607021e-06,-1.8373365136182574e-06,-5.206578993006678e-06,0.9999999999745741
0.12137422408911183,9.985925068945125e-06,1.0740736010050036,-0.09820332046135438,0.11365831300117848,-0.0982581166463472,-0.1135675575711787,0.11220722099679939,0.11044909611596615,-0.0003530000354162316,4.473899918517257e-06,-1.8374711688490211e-06,-5.172362552490101e-06,0.9999999999749275,0.11220715980374579,-0.11043090597499361,-0.0003526576907246365,4.4735325344085664e-06,-1.8374712936241874e-06,-5.170175402724207e-06,0.9999999999749405
0.12314020180374378,7.029554955674115e-06,1.0722455151292027,-0.09146450405753899,0.11301221231723549,-0.09149468885301958,-0.11295190132307706,0.11221381040023252,0.11044907001861967,-0.0003677370121772522,4.43291258752438e-06,-1.8376062577189755e-06,-5.134438661910667e-06,0.9999999999753053,0.11221374099713659,-0.11043093244303831,-0.0003673449775605242,4.432491072815472e-06,-1.8376064721030138e-06,-5.1318538762061576e-06,0.9999999999753205
0.12507038349159383,4.043951861139488e-06,1.0703838689269982,-0.08541332593089838,0.11230197236604521,-0.08542292426990256,-0.11227067477099525,0.11222040387547648,0.11044904531728213,-0.0003820463901269,4.390568168151806e-06,-1.837741668498074e-06,-5.0947241494309305e-06,0.999999999975695,0.11222032644652255,-0.11043095752236914,-0.00038160556253297173,4.390093762890109e-06,-1.837741990601497e-06,-5.091734784092313e-06,0.9999999999757123
0.12716671199845617,1.0529209171474789e-06,1.0684929360751163,-0.08027989177317102,0.1114916244519814,-0.08027335320645758,-0.11148738165879661,0.11222697551280172,0.11044902202220536,-0.00039589382710200627,4.346954410021334e-06,-1.837877310758654e-06,-5.05335578614018e-06,0.9999999999760952,0.11222689030236703,-0.11043098120182973,-0.00039540500468843165,4.346428284656922e-06,-1.8378777579703306e-06,-5.049957060819352e-06,0.9999999999761146
0.1294335057147811,-1.921220298160333e-06,1.0665787704000198,-0.07636336541874165,0.11053502773040269,-0.07634418487580569,-0.11055608394260374,0.11223350075524648,0.11044900025819819,-0.0004092483473913666,4.302176194762933e-06,-1.838013369963473e-06,-5.010374809162497e-06,0.9999999999765048,0.11223340801534651,-0.1104310033559354,-0.0004087120676071754,4.301599703888946e-06,-1.8380139598110486e-06,-5.006563161575662e-06,0.9999999999765263
0.13187847701655203,-4.8575731807382235e-06,1.064650042145018,-0.07405872305490867,0.10937327475984066,-0.07403018548945056,-0.10941722603050592,0.11223995329859278,0.11044898000732381,-0.0004220752114140053,4.256299437587979e-06,-1.8381498273220091e-06,-4.965903936347777e-06,0.9999999999769228,0.11223985334908623,-0.11043102400201889,-0.0004214919277384377,4.255673860874572e-06,-1.8381505771804741e-06,-4.961677424389268e-06,0.9999999999769464
0.13451412511278005,-7.73669325693578e-06,1.0627191507063471,-0.07388799966576623,0.10793126315250635,-0.07385310880272389,-0.10799430328952328,0.1122463017973658,0.11044896126487469,-0.00043432818163580134,4.209384296573987e-06,-1.8382866901478583e-06,-4.920063267674601e-06,0.9999999999773477,0.11224619503809799,-0.11043104314421852,-0.0004336982445987958,4.208710890923285e-06,-1.8382876164346365e-06,-4.915421368071028e-06,0.9999999999773733
0.1373596799241004,-1.0541439413401744e-05,1.060803696191523,-0.07652825021061227,0.10611486660892093,-0.07648984744134302,-0.10619081669120677,0.11225250576541901,0.11044894403432921,-0.0004459387493755129,4.161482813398481e-06,-1.8384239679611857e-06,-4.87298367650955e-06,0.9999999999777784,0.11225239270493262,-0.110431060778483,-0.0004452623990696819,4.160762848507558e-06,-1.8384250866357325e-06,-4.867927195911321e-06,0.999999999977806
0.1404438467418554,-1.3258805285107524e-05,1.0589284104808525,-0.08280756368657585,0.103809724578894,-0.08276861651631329,-0.1038887475191083,0.11225851009729096,0.1104489283327398,-0.0004567994557487104,4.112639695875792e-06,-1.8385616551553674e-06,-4.824816073210621e-06,0.9999999999782138,0.11225839140105612,-0.11043107688713275,-0.00045607681943039824,4.111874496984086e-06,-1.8385629808587487e-06,-4.8193471316341835e-06,0.9999999999782434
0.143808696467625,-1.58833131811944e-05,1.0571277556210588,-0.09352838783580208,0.10088782320347382,-0.09349260463817552,-0.10095469439820799,0.11226423718433551,0.11044891421413983,-0.00046673732684249236,4.062898149108738e-06,-1.8386997173412467e-06,-4.775738878795343e-06,0.9999999999786524,0.11226411375303974,-0.11043109141541343,-0.00046596841767294894,4.062089164643852e-06,-1.8387012633683845e-06,-4.769860922415288e-06,0.9999999999786838
0.1475151107278906,-1.842311609346577e-05,1.0554500257904529,-0.10851522066707432,0.09726382485310965,-0.10848775919762543,-0.09729595568751932,0.11226957293926808,0.11044890185422741,-0.0004754769365419437,4.012317740861184e-06,-1.8388380903618145e-06,-4.725979856577764e-06,0.9999999999790928,0.11226944605108322,-0.11043110418679648,-0.0004746616324265984,4.011466690064858e-06,-1.838839869147206e-06,-4.719697608383448e-06,0.9999999999791258
0.15164969321726432,-2.091116218200405e-05,1.0539664655974383,-0.12999380939326288,0.0943902819065324,-0.12998216327790257,-0.0943887234933756,0.1122742885874373,0.11044889214014761,-0.0004826745491296608,3.961168772977737e-06,-1.8389765607905805e-06,-4.6763455557693225e-06,0.9999999999795299,0.11227416037610966,-0.11043111431245388,-0.0004818123875267172,3.960278455263858e-06,-1.8389785832560452e-06,-4.669664607659329e-06,0.9999999999795646
0.15630037155521884,-2.3372853542862575e-05,1.0527319948643035,-0.16623005007094785,0.09409832134334663,-0.1662504208331725,-0.09410822246306236,0.11227785125139819,0.11044888666766922,-0.0004876844525126822,3.909162917589624e-06,-1.8391136342534837e-06,-4.627887535214022e-06,0.9999999999799597,0.11227772561847918,-0.11043112019255737,-0.00048677460128745964,3.9082392658597754e-06,-1.8391159141657868e-06,-4.62081103377406e-06,0.999999999979996
0.1615138613972642,-2.5753483024956023e-05,1.051715735630865,-0.2141376367509697,0.09406695426347712,-0.21421791780862798,-0.09409723651025573,0.1122796559285641,0.11044888616030227,-0.0004898599276856597,3.8542464975636275e-06,-1.8392455644555729e-06,-4.581227573270781e-06,0.9999999999803875,0.11227953889223741,-0.1104311210973006,-0.0004889014016207643,3.853300196465309e-06,-1.8392481223538412e-06,-4.5737521802765324e-06,0.9999999999804253
0.1673491373670663,-2.7978223402420524e-05,1.0508878602780725,-0.27155959256928897,0.09451067511176733,-0.27173863567236306,-0.09459208659765837,0.11227928883946255,0.11044889205694296,-0.0004902363432868484,3.7955488924412925e-06,-1.8393699586719608e-06,-4.539362016936288e-06,0.9999999999808027,0.11227918842065486,-0.11043111558011623,-0.0004892269017047757,3.7945968533580476e-06,-1.8393728212570575e-06,-4.531480362498375e-06,0.999999999980842
0.1738776303694256,-2.9931722754011972e-05,1.0502295084173092,-0.31419629003755256,0.0962841246179419,-0.3144772278890513,-0.09647034833279432,0.11227624201210809,0.11044890546812439,-0.0004908625962053992,3.7321095727613465e-06,-1.839485018716069e-06,-4.5056279491685995e-06,0.9999999999811938,0.11227616819505312,-0.11043110252162329,-0.0004897983619265578,3.7311762950176056e-06,-1.8394882212792084e-06,-4.49732865048034e-06,0.9999999999812346
0.18117616226483618,-3.1439034067428046e-05,1.049788087627051,-0.26834334060658216,0.10071728980942488,-0.2685561646471324,-0.10102256254107385,0.11226905199652099,0.11044893046180383,-0.0004962005335813896,3.6634234422882666e-06,-1.839590401917593e-06,-4.484401941448215e-06,0.999999999981543,0.11226901869841288,-0.11043107783920386,-0.0004950736965252389,3.6625472886263e-06,-1.8395939936694115e-06,-4.4756634452291474e-06,0.9999999999815853
0.1893045135776646,-3.227879636071196e-05,1.0498856049827692,-0.08966921871702395,0.10652018626995584,-0.08965990072859054,-0.10678188886838266,0.11225363218589542,0.11044898343631784,-0.0005155131855211492,3.594076603702355e-06,-1.839696367944671e-06,-4.4745969895802e-06,0.9999999999818383,0.11225366352660021,-0.11043102511233502,-0.0005143030995062997,3.5933220645291533e-06,-1.8397004270309905e-06,-4.4653643449598e-06,0.9999999999818823
0.19824215219994756,-3.240763115443559e-05,1.0519683119678715,0.07473808325730194,0.10733442923527317,0.07480266173747557,-0.10757104713431302,0.11222475997482721,0.11044911315993579,-0.0005485332330237014,3.5657078125735937e-06,-1.8398798346580663e-06,-4.417733100774669e-06,0.9999999999821924,0.11222490104582968,-0.11043089556324871,-0.0005471615587613748,3.5651568482650073e-06,-1.8398844470101491e-06,-4.407847448378798e-06,0.999999999982238
0.20761581484729053,-3.186279564663801e-05,1.0587439255187083,0.14375982640177587,0.10251598601438033,0.14367029763565625,-0.10259700175735377,0.11222704924970073,0.11044925135735753,-0.00045285963686164665,3.706833784365778e-06,-1.8403819082194063e-06,-4.0460328892976746e-06,0.9999999999832513,0.11222727743570798,-0.11043075765674767,-0.0004510895472320253,3.706234874421047e-06,-1.8403865776508304e-06,-4.035293313595473e-06,0.9999999999832969
0.21707879288254509,-3.190876003328065e-05,1.0744468032206227,0.0,0.0,0.0,0.0,0.11155822607932384,0.11044620127000426,0.0012622514541927726,2.621194954325244e-06,-1.8404963829416387e-06,-4.916913097335366e-06,0.9999999999827832,0.1115592407120717,-0.11043380526144192,0.0012625492636999525,2.6205292337471273e-06,-1.8404992072517655e-06,-4.90584053490175e-06,0.9999999999828393
0.22698521359449153,-3.12555224010763e-05,1.0885651006017825,0.0,0.0,0.0,0.0,0.10997928528941227,0.11048850932878991,0.014656694022257888,-0.00020319361241389954,0.0049362891726482784,-0.0008702414020138398,0.9999874171415672,0.10997109225777361,-0.11048979006969473,0.014657067086381051,0.00019750733929234593,0.004937830438473284,0.0009037806546938953,0.9999873809213498
0.23687881215951545,-3.0601747069784114e-05,1.1017374831297468,0.0,0.0,0.0,0.0,0.11162496848974753,0.11052820445325678,0.0272887913427647,-0.00038669474311483587,0.008246459511352697,-0.001456034317957698,0.9999648625510642,0.11160670486341327,-0.11051652594087769,0.027288907876824878,0.0003853851384280842,0.008246493574089842,0.0014873296991027034,0.9999648167172654
0.2467583298032668,-2.9933957171581378e-05,1.1139610366372708,0.0,0.0,0.0,0.0,0.1164305774867414,0.11056856942872495,0.03891541846279137,-0.0005273071921028092,0.010268814629848728,-0.0018349455672270606,0.9999454516962357,0.11640164863887967,-0.11053464889346752,0.03891521908891052,0.0005357878533163489,0.010269448851210365,0.0018674734161252076,0.9999453804557072
0.2566234812744723,-2.9237328691498937e-05,1.1252319842939573,0.0,0.0,0.0,0.0,0.12430179586141638,0.11060837950752211,0.049402540588691174,-0.000616945821745557,0.011336775165217696,-0.0020526217818165556,0.999933439610121,0.12426416401431717,-0.11054956197424474,0.049401888658347534,0.0006364386263589571,0.011338477071374895,0.0020881354391818156,0.9999333345648425
0.2664749354505903,-2.850484217097342e-05,1.135545810049207,0.0,0.0,0.0,0.0,0.1351881718045955,0.11064553700011394,0.058667054278799605,-0.0006534993285576913,0.011638543869751229,-0.0021367795083761156,0.9999297732383774,0.13514510035717314,-0.11056384387327753,0.058665792155435215,0.0006824479940719445,0.011640885681448594,0.002175046056646555,0.9999296441349955
0.2763140793108496,-2.7734280440562912e-05,1.1448975418141454,0.0,0.0,0.0,0.0,0.14908054781587937,0.11067767829879391,0.06667783104314899,-0.0006385703577193521,0.011237374644859858,-0.0020983142823182803,0.9999344532098904,0.14903571008458213,-0.11057819348003982,0.066675890733598,0.0006737862538956226,0.011239665293409761,0.0021379876256543253,0.9999343203156342
0.2861427582755696,-2.692653088209689e-05,1.1532819868536177,0.0,0.0,0.0,0.0,0.166009392613825,0.11070027587302857,0.07345727675818436,-0.0005780564048957395,0.01007984400026633,-0.0019325983156597596,0.9999471624338327,0.16596630394238793,-0.11058974191415083,0.07345477825005312,0.0006156316858010913,0.010081472518018893,0.0019716973797354637,0.9999470472574731
0.2959630435114084,-2.608450251945719e-05,1.1606938989848172,0.0,0.0,0.0,0.0,0.1860451406161039,0.11070141958259848,0.07908311710681275,-0.0004858777920974364,0.007991051017110796,-0.0016192894202802298,0.9999666419077123,0.18600668306765922,-0.11058707903531365,0.07908045156547559,0.0005218739962804552,0.007991739363555461,0.0016554587280356314,0.9999665590437898
0.30577605664538976,-2.5195286527990518e-05,1.1671288368553243,0.0,0.0,0.0,0.0,0.20921401380224,0.11065642343022579,0.08372945963156556,-0.00038920780527777564,0.00481672277362898,-0.0011609141760301847,0.999987649912379,0.20918184194443587,-0.11054559572283099,0.0837271426131786,0.0004200620545054259,0.004816791120779693,0.001195173228285049,0.9999875967391416
0.3155892405869171,-2.429291091889102e-05,1.1725836431017445,0.0,0.0,0.0,0.0,0.23347715666561866,0.11061762023737275,0.08770008134590036,-0.0002895737089948042,0.0016910490657514095,-0.0006848763900087211,0.999998293720772,0.2334525309473901,-0.11051401218785706,0.0876984355919234,0.00031404723066313803,0.0016902791731105676,0.0007149641791539666,0.9999982665769361
0.32540617536266464,-2.3382501287338053e-05,1.1770588305474392,0.0,0.0,0.0,0.0,0.25763906967521333,0.11059845254957609,0.09111718909561502,-0.00019459932617174564,-0.0007969926693372018,-0.0002780010032117131,0.9999996248245447,0.25762230102962325,-0.11050369314990344,0.0911163375897038,0.00021287413239484565,-0.0007987596301224271,0.00030314757247268756,0.9999996123845284
0.3352286843176114,-2.2466511003333738e-05,1.1805547058222283,0.0,0.0,0.0,0.0,0.28116487390818873,0.11059308632162769,0.09396455330648175,-0.00011162046883020138,-0.002526932576256727,3.4100360041625266e-05,0.9999968004897777,0.2811553979999507,-0.1105075001344854,0.09396453943837653,0.000124564151675188,-0.002529607292390607,-1.3698344998944065e-05,0.9999967926863937
0.34505751506823495,-2.154692260215666e-05,1.1830710966900777,0.0,0.0,0.0,0.0,0.303878770969054,0.11059227883575842,0.09617217041041773,-4.474097234738506e-05,-0.003589021140338989,0.00025511359515194423,0.99999352590032,0.3038754593256608,-0.11051546287040434,0.09617299591735387,5.343305541869742e-05,-0.003592322775686009,-0.0002388222608216233,0.9999935176419457
0.3548927870566972,-2.0625275038887268e-05,1.184607576780097,0.0,0.0,0.0,0.0,0.32578259011334587,0.11058931620054982,0.09766020012772733,5.1541143628115115e-06,-0.00414223017337819,0.0003994018785313699,0.9999913411528951,0.3257840572505527,-0.1105205380499958,0.09766183898641524,3.111520802641604e-07,-0.004145789578496656,-0.00038647434443037115,0.9999913314955563
0.3647342829478455,-1.9702777819612767e-05,1.1851636703678745,0.0,0.0,0.0,0.0,0.3469556870285637,0.11058123213795878,0.0983565626784493,3.957068634009411e-05,-0.00434791484480502,0.00048248797132058763,0.9999904305922238,0.3469605242130099,-0.11051965728433277,0.09835897218156578,-3.6471782983238206e-05,-0.004351361552588205,-0.0004722783618856292,0.9999904205919161
0.37458161713906996,-1.8779889364609546e-05,1.1847390016909725,0.0,0.0,0.0,0.0,0.3674904137154245,0.11056792937388088,0.0982132373354181,6.130980421578632e-05,-0.0043299241665036335,0.0005197194368206081,0.9999904888995333,0.3674973659877101,-0.11051276233554533,0.09821634676374737,-5.990751773523421e-05,-0.004332967366614343,-0.0005117056425860547,0.9999904799357967
0.38443437072125713,-1.785646807205168e-05,1.1833333258627305,0.0,0.0,0.0,0.0,0.3874706665895686,0.11055089665812555,0.09720467370455962,7.348456695903155e-05,-0.004172122691250814,0.0005255408908547955,0.9999911558604108,0.3874787327427042,-0.1105014495057124,0.09720837697482858,-7.328696626289198e-05,-0.004174595564399809,-0.0005192795700867748,0.9999911488256398
0.3942921696574174,-1.693237930801757e-05,1.1809464752293324,0.0,0.0,0.0,0.0,0.4069765878184388,0.11053231740646972,0.09531371536445121,7.904396797543201e-05,-0.00393746287096672,0.0005114227577660236,0.9999921142613847,0.4069850315067333,-0.1104880062533206,0.0953178873800238,-7.969931118204515e-05,-0.003939310882260581,-0.0005065838701139364,0.9999921093941571
0.4041547013849524,-1.6007405748684486e-05,1.1775783429239204,0.0,0.0,0.0,0.0,0.42608032762959425,0.11051434001543846,0.09252951599874847,8.044162987852947e-05,-0.003672072456365056,0.00048633223262701923,0.9999931364234355,0.4260886448554188,-0.1104746784688715,0.0925340252986784,-8.170922543558197e-05,-0.0036733228645937786,-0.0004826843190357283,0.9999931334957174
0.4140217159698954,-1.5081306468291815e-05,1.1732288655355265,0.0,0.0,0.0,0.0,0.44484438494968476,0.1104986386846118,0.0888456758471241,7.947812816869403e-05,-0.003409249888803687,0.0004572027562382071,0.9999940808145132,0.44485225486678615,-0.1104632278064795,0.08885039255003284,-8.120486988875157e-05,-0.003409980609379945,-0.00045459468277638,0.9999940793733169
0.4238930186545915,-1.4153861948227997e-05,1.167898006869776,0.0,0.0,0.0,0.0,0.4633205805195471,0.11048612801523514,0.08425854276957691,7.721672904347094e-05,-0.0031725312890860387,0.00042929247493325316,0.9999948723822378,0.4633278117210015,-0.1104546443446639,0.08426334221736743,-7.931891723506594e-05,-0.0031728435351205853,-0.00042763569091565633,0.9999948719369153
0.43376845667391634,-1.3224905019673148e-05,1.16158574380983,0.0,0.0,0.0,0.0,0.481548144841759,0.11047672936229586,0.07876553400520563,7.391548901386949e-05,-0.0029769347898963685,0.00040632390338150507,0.9999954836381229,0.4815546221654986,-0.1104489111104269,0.07877029658781201,-7.63649511539528e-05,-0.0029769297624831735,-0.00040557482303433227,0.9999954837731253
0.4436479009602301,-1.2294345642472859e-05,1.1542920541623547,0.0,0.0,0.0,0.0,0.4995496025454126,0.11046915297276906,0.07236321030944397,6.897278170540606e-05,-0.002827448498750131,0.00039029695598209366,0.9999959242147085,0.49955523650425243,-0.11044478276688913,0.0723678176324374,-7.178544530942504e-05,-0.002827207256521405,-0.00039043793594631117,0.9999959246437943
0.45353122186567196,-1.1362192626321573e-05,1.1460169059465868,0.0,0.0,0.0,0.0,0.5173229866132604,0.11046077562175974,0.0650447281409626,6.0969402187334386e-05,-0.0027134053644088814,0.0003808390822269831,0.9999962443307746,0.5173276685964219,-0.11043965596307401,0.06504905574374106,-6.419359574168487e-05,-0.0027129721055880545,-0.0003818547911197601,0.9999962449171774
0.4634182569434473,-1.0428593122169737e-05,1.136760247170362,0.0,0.0,0.0,0.0,0.5348285021997113,0.11044789572084579,0.056796189227397834,4.804011448234985e-05,-0.0025965989588982575,0.00037390387091705215,0.9999965577750206,0.5348320741104153,-0.11042981111054298,0.05680009558066554,-5.1739216090882445e-05,-0.002595972974117517,-0.00037575422536922936,0.9999965585221451
0.4733087678040348,-9.493873817049777e-06,1.126521993874709,0.0,0.0,0.0,0.0,0.5519671473399635,0.11042700249283108,0.04759133141874561,2.9069101931532804e-05,-0.002389811335601851,0.0003595694827034058,0.9999970793290125,0.551969406354822,-0.11041165899544073,0.047594644956179974,-3.3291681367079664e-05,-0.0023889625626146486,-0.00036216167083548374,0.9999970802899693
0.4832023815514949,-8.558666024645755e-06,1.115302010746558,0.0,0.0,0.0,0.0,0.5685480847314813,0.11039830336885795,0.03738408719754312,6.657182498041519e-06,-0.0019208117679922986,0.00031862975079105987,0.9999981044546616,0.5685488598187319,-0.11038522076363451,0.03738659367703247,-1.1372028203732168e-05,-0.0019197443390660048,-0.0003217892257625395,0.9999981054502275
0.49309850439985325,-7.62383441097985e-06,1.1031000673242795,0.0,0.0,0.0,0.0,0.5842412525295944,0.11037369276477382,0.02609897004350334,-6.509199132608469e-06,-0.0008754966988836376,0.0002177035187483738,0.9999995930340867,0.5842406228620001,-0.1103620453346381,0.02610040899491188,1.5150175753724982e-06,-0.0008744184894495579,-0.00022114281993241755,0.9999995932428491
0.5029958428450954,-6.689767786042511e-06,1.0899154941643903,0.0,0.0,0.0,0.0,0.598532646820438,0.11039172570642128,0.013613784769705026,2.2855057986063837e-05,0.001247629685683717,8.273290693151694e-06,0.9999992214143804,0.5985312889192318,-0.11038007681269048,0.013613919755406725,-2.7593865372930444e-05,0.001248141463450348,-1.1049691118868102e-05,0.9999992206293816
0.5128649305320189,-5.857762169265076e-06,1.0757277892711248,0.0,0.0,0.0,0.0,0.612105025078157,0.11044858343262916,-0.0002575195918844836,2.731017536659427e-05,-0.0006429358768360252,0.0001606900425401837,0.9999997800331375,0.6121050236134025,-0.11042993978118072,-0.00025747786968942366,-2.9616616603682503e-05,-0.0006428720696612095,-0.00016206117567984499,0.9999997797872427
0.5128649305320189,-5.857762169265076e-06,1.0757277892711248,0.6657756103992525,0.10879931233807857,0.6657261132955942,-0.1088299548641291,0.612105025078157,0.11044858343262916,-0.0002575195918844836,2.731017536659427e-05,-0.0006429358768360252,0.0001606900425401837,0.9999997800331375,0.6121050236134025,-0.11042993978118072,-0.00025747786968942366,-2.9616616603682503e-05,-0.0006428720696612095,-0.00016206117567984499,0.9999997797872427
0.520489228484324,-5.175083567925438e-06,1.0698859865571893,0.6809699822147334,0.10769622671470809,0.6809319707049029,-0.10773806479700503,0.617568049579848,0.11047454264657193,-0.0057725957013791684,2.9113809191668245e-05,-0.0013991615419083202,0.0002216722238249628,0.999998996179892,0.617568609248753,-0.11045297981571618,-0.005772566427958245,-3.0441474512340393e-05,-0.0013992769056131184,-0.00022248408569444355,0.9999989957986409
0.5270207852354344,-4.650731481456434e-06,1.0679144176494952,0.6996875120901319,0.10577223234948246,0.699671533017879,-0.10584514429268486,0.6197510272427503,0.1104860716043394,-0.007979992608757216,2.9945320757822652e-05,-0.0017016513676110603,0.00024605065355580734,0.9999985214713957,0.6197518147624076,-0.11046344757497505,-0.007979979659461456,-3.0901945910786894e-05,-0.0017018388560653202,-0.000246629879141055,0.9999985209805468
0.5330467629593514,-4.135855661256801e-06,1.0676371021766395,0.7361602562544869,0.10405250551163699,0.7361975037683424,-0.1041632135728605,0.6206258070633551,0.11049091909231465,-0.008863625811668843,3.024225822644592e-05,-0.0018226471123949366,0.00025579511155722213,0.9999983058044504,0.6206266842414303,-0.11046793023511978,-0.008863626826521809,-3.105425571295452e-05,-0.00182286373397881,-0.00025627640783364223,0.9999983052614859
0.5387745437720388,-3.5458988136803572e-06,1.068046514102368,0.7768892418409696,0.10276137133067917,0.7770141036191026,-0.10288606805692574,0.6209780866622993,0.11049291091392587,-0.009219677270643892,3.0333552225791705e-05,-0.0018710453357084437,0.0002596877245225654,0.9999982154141646,0.6209789961032344,-0.11046980592283363,-0.00921968712266577,-3.1082477259622595e-05,-0.001871273746861414,-0.0002601313876613237,0.9999982148484594
0.5442711764021362,-2.8708810733250326e-06,1.06871663213464,0.8096770354594167,0.10212735301769962,0.8098840778670566,-0.10224314027687433,0.6211214813038575,0.11049372056980583,-0.009366573600035885,3.0359794463545195e-05,-0.0018904046021250341,0.000261239262516294,0.9999981785997268,0.6211223990353709,-0.11047058535800194,-0.009366588528736786,-3.107503436781159e-05,-0.0018906377844830422,-0.00026167229884716117,0.9999981780236995
0.5495529428422443,-2.126788011611302e-06,1.0694672411695165,0.830709879639828,0.10195409633682115,0.8309711741647656,-0.10204780950233903,0.6211813330522696,0.11049404617433563,-0.00943080797518843,3.0368710919012086e-05,-0.0018981483068640868,0.0002618543537416083,0.9999981637698364,0.6211822491246359,-0.11047090922676517,-0.009430825813905738,-3.106108310396971e-05,-0.0018983834174210368,-0.00026228830802619153,0.9999981631885398
0.5546203955983982,-1.3376219985848077e-06,1.0702212733498433,0.8420826026372893,0.10199405863240349,0.8423695900204191,-0.10206578393503081,0.6212077082831077,0.1104941744248735,-0.009462357323002837,3.0374261432155076e-05,-0.0019012457947882625,0.0002620951902118001,0.9999981578222752,0.6212086187302415,-0.11047104459467559,-0.009462377004908429,-3.104802387609803e-05,-0.001901481681993794,-0.00026253444746567045,0.9999981572378509
0.5594711886061154,-5.26008688394062e-07,1.070945536570282,0.8467763378495882,0.10210938233496364,0.8470710761769376,-0.10216112377611238,0.6212205754296503,0.11049422249332287,-0.009480830948251112,3.037975453974868e-05,-0.0019024847986748284,0.0002621867491777574,0.999998155441684,0.6212214788271541,-0.1104711020510783,-0.009480851959690131,-3.103688174554047e-05,-0.0019027209963933184,-0.0002626325886619147,0.9999981548551207
0.5641042748185167,2.8853815968928477e-07,1.0716260558770145,0.8469876546773099,0.10224256532909697,0.8472776611578693,-0.10227924976069215,0.6212278830628396,0.11049423821203191,-0.009493847301822692,3.0385571803199836e-05,-0.0019029804095710536,0.0002622190400831937,0.9999981544900238,0.621228779110079,-0.1104711272480181,-0.009493869373819797,-3.102730332623105e-05,-0.001903216729307579,-0.00026267148085937166,0.9999981539018367
0.5685209168755653,1.091278039187202e-06,1.0722576306180058,0.8441266551182919,0.1023769967149353,0.8444051753287446,-0.10240183551553639,0.6212327902128671,0.11049424107395808,-0.009504327017835656,3.0391509016400137e-05,-0.0019031786631457158,0.00026222803782704037,0.9999981541101909,0.621233679111154,-0.11047113902533173,-0.009504349986284591,-3.1018841195454744e-05,-0.0019034150288117174,-0.0002626866787933003,0.9999981535206798
0.5727246133816059,1.8709553052175165e-06,1.072839257878243,0.8390970113768565,0.10251010764072263,0.8393598655254821,-0.10252609188245329,0.6212365540158147,0.11049423903566771,-0.009513374322588933,3.039733128403719e-05,-0.0019032579733272946,0.00026222809971808187,0.9999981539590528,0.6212374361980969,-0.11047114513258015,-0.009513398051518657,-3.1011216751660286e-05,-0.001903494354334596,-0.00026269245158007317,0.999998153368407
0.576720721598686,2.619450510446918e-06,1.0733720225401646,0.8325006613462761,0.10264379810714791,0.8327446994815907,-0.1026538614142334,0.6212396802213405,0.11049423532919898,-0.009521406971014557,3.0402896332912286e-05,-0.0019032897056068085,0.000262224925225941,0.9999981538993208,0.6212405562090674,-0.11047114876679177,-0.009521431324575294,-3.100427079774866e-05,-0.0019035260897703652,-0.00026269454850672024,0.9999981533076625
0.5805160492934659,3.330991453173743e-06,1.0738580600738554,0.8247562476293309,0.10278028102620627,0.8249788746580553,-0.10278805718786366,0.6212423797924755,0.11049423124197172,-0.009528593477503247,3.0408152087406963e-05,-0.0019033024062451258,0.0002622207455426413,0.9999981538760839,0.6212432501145929,-0.11047115126685374,-0.009528618315880796,-3.099789722518237e-05,-0.0019035387888045924,-0.00026269530159432706,0.9999981532834893
0.5841184986723862,4.003389608053605e-06,1.074300011343887,0.8161633032752756,0.10292505755811274,0.8163685232051981,-0.10292716519632789,0.6212447489390095,0.11049422727370904,-0.009535018181129076,3.0413064513736714e-05,-0.0019033074936304162,0.00026221644266286184,0.99999815386738,0.6212456141524828,-0.11047115319953238,-0.00953504339616515,-3.0992050230590714e-05,-0.0019035438728507055,-0.00026269562802480855,0.9999981532739072
0.5875367785292872,4.633498044792409e-06,1.0747007144022267,0.8069517308522216,0.10307330957464839,0.8071325089491144,-0.10307834972224601,0.6212468394827794,0.1104942236375888,-0.009540740799896405,3.0417613535641336e-05,-0.001903309535109346,0.0002622123409021507,0.9999981538644315,0.6212477001270224,-0.11047115477776506,-0.009540766279174245,-3.098670862461774e-05,-0.0019035459104811165,-0.00026269589068297195,0.9999981532701249
0.5907801773664121,5.223160763386082e-06,1.075063027866807,0.7972872438608131,0.1032306860513639,0.7974468081908156,-0.1032369246160801,0.6212486858861865,0.11049422041522512,-0.009545815855557804,3.0421824383455786e-05,-0.0019033103579429301,0.00026220847740407574,0.9999981538637503,0.6212495423706844,-0.1104711560830696,-0.009545841392707241,-3.0981823765867375e-05,-0.0019035467293929086,-0.0002626962914545307,0.9999981532686121
0.5938583849557293,5.773467851159956e-06,1.0753897283291354,0.7873049410860755,0.10339595158917975,0.7874440606640223,-0.103403725850011,0.6212503152420402,0.11049421757841854,-0.009550297473388855,3.0425720671248132e-05,-0.0019033106928413473,0.00026220490312350083,0.9999981538639316,0.6212511679962065,-0.11047115719782667,-0.00955032294301962,-3.0977356503002214e-05,-0.0019035470605058688,-0.00026269683959054453,0.9999981532679763
0.5967813549184638,6.286631179961635e-06,1.0756834440661016,0.7771104582927464,0.10356886875515543,0.7772307268795919,-0.10357783046095993,0.6212517510416389,0.11049421511568532,-0.009554239639376266,3.0429295536794885e-05,-0.0019033108319774024,0.00026220163847571397,0.9999981538644139,0.6212526005040773,-0.11047115814272707,-0.009554264963302403,-3.097330150486869e-05,-0.0019035471960991718,-0.0002626975044449179,0.999998153267669
0.5995591953552956,6.764685550386167e-06,1.0759466215099616,0.7667911671360861,0.10374746893891842,0.7668930443818789,-0.10375943305319604,0.6212530144392197,0.11049421300564598,-0.009557695091243046,3.043257736796167e-05,-0.0019033108923856834,0.0002621986469501159,0.9999981538649836,0.6212538609914745,-0.11047115893064621,-0.009557720185895222,-3.0969619883938336e-05,-0.0019035472532141584,-0.00026269828567057976,0.9999981532674692
0.6022020816757765,7.2108158636252044e-06,1.0761815080526618,0.7564190668329301,0.10393224084107121,0.7565042752059528,-0.10394591951142357,0.6212541246296513,0.11049421121955515,-0.009560714196050146,3.0435588811924876e-05,-0.0019033109208909452,0.000262195900784987,0.9999981538655577,0.6212549686140322,-0.11047115957481778,-0.009560738988460188,-3.096627945268473e-05,-0.0019035472786729333,-0.00026269916646477423,0.9999981532672928
0.6047201857328731,7.627985348534793e-06,1.076390145822411,0.7460568473137421,0.10412047174145879,0.746126606964777,-0.10413765641228645,0.6212550990078454,0.11049420972740395,-0.009563344158119394,3.0438350502891033e-05,-0.001903310936225879,0.00026219338043057547,0.9999981538661052,0.6212559407382892,-0.11047116008757213,-0.009563368596664068,-3.0963250796238637e-05,-0.001903547291202092,-0.00026270012156820466,0.9999981532671117
0.6071236170204387,8.020092301024218e-06,1.0765743725182115,0.7357597362668991,0.10431227945949999,0.735815424086978,-0.10433214180140317,0.6212559532770153,0.11049420849996774,-0.009565628571050588,3.0440890362188677e-05,-0.001903310945961484,0.0002621910539312493,0.9999981538666194,0.6212567930257954,-0.11047116048050176,-0.009565652607919709,-3.0960497952653336e-05,-0.0019035472983494211,-0.0002627011407613205,0.9999981532669157
0.6094223721701929,8.390574649959708e-06,1.0767358251668069,0.7255779457346988,0.10450592636285777,0.7256209871126664,-0.10452877396921689,0.6212567015329862,0.11049420752111146,-0.009567607208271475,3.044321529602181e-05,-0.0019033109531012673,0.0002621889012634211,0.9999981538670994,0.6212575395422767,-0.11047116075280257,-0.00956763079817903,-3.095800665269607e-05,-0.0019035473031107258,-0.00026270220587629113,0.9999981532667039
0.6116262899929701,8.743293011749298e-06,1.0768759461609958,0.7155585749386746,0.10470025221876537,0.7155905405935525,-0.10472652954983114,0.6212573563657909,0.11049420675034896,-0.009569315985679033,3.044535326033551e-05,-0.0019033109588512019,0.00026218691997057224,0.9999981538675429,0.6212581928694749,-0.11047116092941715,-0.00956933912947254,-3.0955742385419196e-05,-0.0019035473066822816,-0.0002627032853178332,0.9999981532664836
0.6137450094899574,9.081712487244857e-06,1.07699598854671,0.7057472975183879,0.10489413426571333,0.7057698248298904,-0.10492461268182741,0.621257929007596,0.1104942061743417,-0.00957078712929664,3.044732363125487e-05,-0.0019033109637957004,0.00026218507058359275,0.9999981538679584,0.6212587641930797,-0.1104711610095677,-0.009570809804863759,-3.095367988798502e-05,-0.0019035473096187122,-0.00026270438831900466,0.9999981532662522
0.6157879283754568,9.409483396360024e-06,1.0770970190783768,0.6961902211371925,0.10508801083255356,0.6962042680912446,-0.10512104149819135,0.6212584294152423,0.11049420576815865,-0.00957204929910116,3.0449136135376222e-05,-0.0019033109681156533,0.00026218334998444413,0.9999981538683461,0.6212592634586486,-0.11047116100537359,-0.009572071508020197,-3.095180424414148e-05,-0.0019035473120969488,-0.00026270549174395194,0.9999981532660156
0.6177641594609908,9.730358496035997e-06,1.0771799176037187,0.6869342856954653,0.10527996776066072,0.6869419335109355,-0.10531671875479595,0.621258866403833,0.1104942055061503,-0.009573127834713466,3.045080250498245e-05,-0.001903310971884156,0.00026218175876152426,0.9999981538687054,0.6212596994719296,-0.11047116093109413,-0.009573149604712297,-3.0950099193554575e-05,-0.0019035473141858269,-0.00026270657214828516,0.9999981532657806
0.6196824819515032,1.0047209348382507e-05,1.0772453707770948,0.6780311584303825,0.10547088387008546,0.6780333276730264,-0.10551046848072639,0.621259247767448,0.11049420537107525,-0.00957404501208503,3.0452345520660368e-05,-0.0019033109752134827,0.00026218027184162596,0.9999981538690419,0.6212600799991689,-0.11047116079402515,-0.009574066366456344,-3.0948538042495996e-05,-0.0019035473159726528,-0.0002627076346418646,0.9999981532655463
0.6215512840180718,1.0362973990242598e-05,1.0772938574726172,0.6695376786488123,0.10566082897075907,0.669535639137395,-0.10570291296062248,0.621259580362749,0.1104942053446675,-0.00957482025692305,3.0453767442794272e-05,-0.0019033109781176985,0.00026217888693661027,0.9999981538693561,0.6212604118845021,-0.11047116060358954,-0.009574841228881956,-3.094711514710299e-05,-0.0019035473174686662,-0.0002627086644216362,0.999998153265317
0.6233784918916713,1.0680093089882644e-05,1.0773256228591108,0.6615198717266938,0.10585086108227539,0.6615147089013724,-0.10589504176089534,0.6212598702098113,0.11049420541013631,-0.009575470384695639,3.0455078890314053e-05,-0.001903310980638071,0.0002621775941727222,0.9999981538696504,0.6212607011320026,-0.11047116036896502,-0.009575491011029724,-3.0945817028398905e-05,-0.0019035473187039176,-0.00026270965659686316,0.9999981532650942
0.6251714792731625,1.1000634792332988e-05,1.0773406362334614,0.654056637587877,0.10604312587320092,0.6540492381520814,-0.10608863858340326,0.621260122568152,0.11049420554977143,-0.009576009806942148,3.0456285643364005e-05,-0.0019033109827931074,0.0002621763942061854,0.9999981538699241,0.6212609529913489,-0.11047116010130144,-0.009576030134470892,-3.094463550611499e-05,-0.0019035473196928247,-0.00026271059788681903,0.9999981532648816
0.6269369484715314,1.13265358391483e-05,1.0773385290093709,0.6472450333724126,0.10624061254546313,0.6472367745610692,-0.1062872622117674,0.6212603420048526,0.11049420575208184,-0.009576450691606661,3.0457397124124234e-05,-0.0019033109846411406,0.0002621752668357085,0.9999981538701823,0.6212611720101098,-0.11047115980659146,-0.009576470755797317,-3.094355918183856e-05,-0.0019035473204776024,-0.0002627114976341106,0.999998153264677
0.628680771967765,1.165796098372506e-05,1.0773184999396896,0.6412087813905119,0.10644920708138339,0.6412001572230814,-0.10649524252759886,0.6212605324496481,0.11049420600562891,-0.00957680312064127,3.045842494375164e-05,-0.0019033109862231612,0.0002621742007302363,0.9999981538704275,0.621261362105943,-0.11047115949171672,-0.009576822955452799,-3.0942574866584e-05,-0.0019035473210869214,-0.000262712357994792,0.9999981532644803
0.6304077787932095,1.1992826236116749e-05,1.0772791766622507,0.6361081519479003,0.1066763245519597,0.6360995065487376,-0.1067205684786247,0.6212606972344548,0.11049420629507643,-0.009577075162403262,3.0459367284676577e-05,-0.0019033109875378144,0.00026217320753728736,0.9999981538706567,0.6212615266087181,-0.11047115916832147,-0.009577094813803907,-3.094168317257488e-05,-0.0019035473215242699,-0.0002627131597493206,0.9999981532642964
0.6321214637338165,1.2328347366527494e-05,1.0772184193730512,0.6321554287816453,0.10693296568543074,0.632147318365304,-0.10697496063081263,0.6212608391147603,0.110494206607557,-0.009577272824215624,3.046022281664962e-05,-0.001903310988600688,0.00026217229325828606,0.9999981538708683,0.621261668268987,-0.11047115884656646,-0.009577292341627186,-3.094088462471951e-05,-0.0019035473218067254,-0.0002627138907964644,0.9999981532641286
0.6338235918770438,1.2662480253046815e-05,1.0771330277554423,0.6296347602105884,0.10723652686342183,0.6296272457623776,-0.10727386743052662,0.6212609602763284,0.1104942069269305,-0.009577399881544976,3.0460981748894853e-05,-0.0019033109894270532,0.0002621714697538629,0.9999981538710595,0.6212617892678527,-0.11047115854095962,-0.00957741931533189,-3.0940188679272766e-05,-0.001903547321957262,-0.0002627145348750315,0.9999981532639806
0.6355136722067259,1.2990388825622088e-05,1.077018245374777,0.628905263961471,0.1076100250103587,0.628897322129321,-0.10763893028064908,0.6212610623212054,0.11049420724236006,-0.00957745740600019,3.0461642555467705e-05,-0.0019033109900616024,0.00026217072103560345,0.9999981538712344,0.6212618911968272,-0.11047115826217944,-0.009577476791795492,-3.0939597263191036e-05,-0.001903547322012774,-0.00026271510587901195,0.9999981532638489
0.6371883641971756,1.3302301804167687e-05,1.0768664201848226,0.6302032391905504,0.10807385784336353,0.6301938882184,-0.1080928854455081,0.6212611461781457,0.1104942075542642,-0.0095774426911278,3.046222127409732e-05,-0.0019033109905451464,0.00026217003713835315,0.9999981538713951,0.6212619749806917,-0.11047115801241941,-0.009577462060164854,-3.093909667620041e-05,-0.0019035473220016062,-0.000262715615994935,0.9999981532637303
0.638841721624199,1.358845358749963e-05,1.0766598967484051,0.631689725295025,0.10858593850518242,0.6316788000481353,-0.10860798463648029,0.6212612109400912,0.11049420785927469,-0.00957734668230853,3.046272478979522e-05,-0.0019033109909028377,0.0002621694289270412,0.9999981538715387,0.6212620397125038,-0.11047115780702572,-0.009577366077337099,-3.09386914017695e-05,-0.0019035473219488213,-0.0002627160653220517,0.9999981532636248
